Distance from Kottas,,,,,Cluster +150/-20,Cluster +150/-10,Cluster +200/0,,AccumulationI,AccumulationII,AccumulationIII,AccumulationIV,Schneedichte,,,mean/without,mean/cluster_1,mean/cluster_2mean/cluster_3,
(km),DiffSnow1,DiffSnow2,DiffSnow3,DiffSnowMean_95-97,,,,,,,,,,Time/a,,,,,
0,nan,61,41,51,51,51,51,,202.575,202.575,202.575,202.575,370,0.931506849,,,,,
0.5,nan,nan,nan,#DIV/0!,#DIV/0!,#DIV/0!,#DIV/0!,,nan,nan,nan,nan,370,0.931506849,,,,,
1,26,nan,nan,26,26,26,26,,103.2735294,103.2735294,103.2735294,103.2735294,370,0.931506849,,,,,
1.5,36,37,nan,36.5,36.5,36.5,36.5,,144.9801471,144.9801471,144.9801471,144.9801471,370,0.931506849,,,,,
2,75,68,nan,71.5,71.5,71.5,71.5,,284.0022059,284.0022059,284.0022059,284.0022059,370,0.931506849,,,,,
2.5,71,77,nan,74,74,74,74,,293.9323529,293.9323529,293.9323529,293.9323529,370,0.931506849,,,,,
3,60,nan,nan,60,60,60,60,,238.3235294,238.3235294,238.3235294,238.3235294,370,0.931506849,,,,,
3.5,50,nan,nan,50,50,50,50,,198.6029412,198.6029412,198.6029412,198.6029412,370,0.931506849,,,,,
4,nan,nan,nan,#DIV/0!,#DIV/0!,#DIV/0!,#DIV/0!,,nan,nan,nan,nan,370,nan,,,,,
4.5,71,nan,nan,71,71,71,71,,282.0161765,282.0161765,282.0161765,282.0161765,370,0.931506849,,,,,
5,3,-40,nan,-18.5,-18.5,nan,nan,,-73.48308824,-73.48308824,nan,nan,370,0.931506849,,186.0247549,186.0247549,218.4632353,218.4632353
5.5,28,nan,nan,28,28,28,28,,111.2176471,111.2176471,111.2176471,111.2176471,370,0.931506849,,,,,
6,nan,nan,2,2,2,2,2,,7.944117647,7.944117647,7.944117647,7.944117647,370,0.931506849,,,,,
6.5,91,nan,nan,91,91,91,91,,361.4573529,361.4573529,361.4573529,361.4573529,370,0.931506849,,,,,
7,81,81,nan,81,81,81,81,,321.7367647,321.7367647,321.7367647,321.7367647,370,0.931506849,,,,,
7.5,49,48,nan,48.5,48.5,48.5,48.5,,192.6448529,192.6448529,192.6448529,192.6448529,370,0.931506849,,,,,
8,59,nan,nan,59,59,59,59,,234.3514706,234.3514706,234.3514706,234.3514706,370,0.931506849,,,,,
8.5,76,73,nan,74.5,74.5,74.5,74.5,,295.9183824,295.9183824,295.9183824,295.9183824,370,0.931506849,,,,,
9,72,70,nan,71,71,71,71,,282.0161765,282.0161765,282.0161765,282.0161765,370,0.931506849,,,,,
9.5,87,nan,nan,87,87,87,87,,345.5691176,345.5691176,345.5691176,345.5691176,370,0.931506849,,,,,
10,77,nan,nan,77,77,77,77,,305.8485294,305.8485294,305.8485294,305.8485294,370,0.931506849,,245.8704412,245.8704412,245.8704412,245.8704412
10.5,76,nan,nan,76,76,76,76,,301.8764706,301.8764706,301.8764706,301.8764706,370,0.931506849,,,,,
11,80,nan,nan,80,80,80,80,,317.7647059,317.7647059,317.7647059,317.7647059,370,0.931506849,,,,,
11.5,77,nan,nan,77,77,77,77,,305.8485294,305.8485294,305.8485294,305.8485294,370,0.931506849,,,,,
12,80,nan,nan,80,80,80,80,,317.7647059,317.7647059,317.7647059,317.7647059,370,0.931506849,,,,,
12.5,79,72,nan,75.5,75.5,75.5,75.5,,299.8904412,299.8904412,299.8904412,299.8904412,370,0.931506849,,,,,
13,79,72,nan,75.5,75.5,75.5,75.5,,299.8904412,299.8904412,299.8904412,299.8904412,370,0.931506849,,,,,
13.5,86,nan,nan,86,86,86,86,,341.5970588,341.5970588,341.5970588,341.5970588,370,0.931506849,,,,,
14,82,nan,nan,82,82,82,82,,325.7088235,325.7088235,325.7088235,325.7088235,370,0.931506849,,,,,
14.5,89,91,nan,90,90,90,90,,357.4852941,357.4852941,357.4852941,357.4852941,370,0.931506849,,,,,
15,58,61,nan,59.5,59.5,59.5,59.5,,236.3375,236.3375,236.3375,236.3375,370,0.931506849,,310.4163971,310.4163971,310.4163971,310.4163971
15.5,40,40,nan,40,40,40,40,,158.8823529,158.8823529,158.8823529,158.8823529,370,0.931506849,,,,,
16,59,nan,nan,59,59,59,59,,234.3514706,234.3514706,234.3514706,234.3514706,370,0.931506849,,,,,
16.5,73,76,nan,74.5,74.5,74.5,74.5,,295.9183824,295.9183824,295.9183824,295.9183824,370,0.931506849,,,,,
17,75,nan,72,73.5,73.5,73.5,73.5,,286.0569164,286.0569164,286.0569164,286.0569164,370,0.950684932,,,,,
17.5,nan,nan,58,58,58,58,58,,225.7319885,225.7319885,225.7319885,225.7319885,370,0.950684932,,,,,
18,101,nan,nan,101,101,101,101,,393.0850144,393.0850144,393.0850144,393.0850144,370,0.950684932,,,,,
18.5,51,nan,53,52,52,52,52,,202.3804035,202.3804035,202.3804035,202.3804035,370,0.950684932,,,,,
19,91,nan,nan,91,91,91,91,,354.1657061,354.1657061,354.1657061,354.1657061,370,0.950684932,,,,,
19.5,64,nan,nan,64,64,64,64,,249.0835735,249.0835735,249.0835735,249.0835735,370,0.950684932,,,,,
20,78,-18,nan,30,30,30,30,,116.7579251,116.7579251,116.7579251,116.7579251,370,0.950684932,,251.6413733,251.6413733,251.6413733,251.6413733
20.5,50,-29,nan,10.5,10.5,10.5,10.5,,40.86527378,40.86527378,40.86527378,40.86527378,370,0.950684932,,,,,
21,61,nan,nan,61,61,61,61,,237.407781,237.407781,237.407781,237.407781,370,0.950684932,,,,,
21.5,8,nan,1,4.5,4.5,4.5,4.5,,17.51368876,17.51368876,17.51368876,17.51368876,370,0.950684932,,,,,
22,37,-23,nan,7,7,7,7,,27.24351585,27.24351585,27.24351585,27.24351585,370,0.950684932,,,,,
22.5,69,nan,71,70,70,70,70,,272.4351585,272.4351585,272.4351585,272.4351585,370,0.950684932,,,,,
23,66,nan,nan,66,66,66,66,,256.8674352,256.8674352,256.8674352,256.8674352,370,0.950684932,,,,,
23.5,45,nan,nan,45,45,45,45,,175.1368876,175.1368876,175.1368876,175.1368876,370,0.950684932,,,,,
24,57,53,nan,55,55,55,55,,214.056196,214.056196,214.056196,214.056196,370,0.950684932,,,,,
24.5,64,-11,nan,26.5,26.5,26.5,26.5,,107.6275289,107.6275289,107.6275289,107.6275289,385,0.947945205,,,,,
25,4,4,nan,4,4,4,4,,16.24566474,16.24566474,16.24566474,16.24566474,385,0.947945205,,136.539913,136.539913,136.539913,136.539913
25.5,81,77,nan,79,79,79,79,,320.8518786,320.8518786,320.8518786,320.8518786,385,0.947945205,,,,,
26,-34,-33,nan,-33.5,nan,nan,nan,,-136.0574422,nan,nan,nan,385,0.947945205,,,,,
26.5,12,nan,nan,12,12,12,12,,48.73699422,48.73699422,48.73699422,48.73699422,385,0.947945205,,,,,
27,-21,38,nan,8.5,8.5,8.5,8.5,,34.52203757,34.52203757,34.52203757,34.52203757,385,0.947945205,,,,,
27.5,nan,155,64,109.5,109.5,109.5,109.5,,444.7250723,444.7250723,444.7250723,444.7250723,385,0.947945205,,,,,
28,58,70,nan,64,64,64,64,,259.9306358,259.9306358,259.9306358,259.9306358,385,0.947945205,,,,,
28.5,52,109,nan,80.5,80.5,80.5,80.5,,326.9440029,326.9440029,326.9440029,326.9440029,385,0.947945205,,,,,
29,77,64,nan,70.5,70.5,70.5,70.5,,286.329841,286.329841,286.329841,286.329841,385,0.947945205,,,,,
29.5,nan,127,nan,127,127,127,127,,515.7998555,515.7998555,515.7998555,515.7998555,385,0.947945205,,,,,
30,41,nan,nan,41,41,41,41,,166.5180636,166.5180636,166.5180636,166.5180636,385,0.947945205,,226.8300939,267.1509313,267.1509313,267.1509313
30.5,72,nan,nan,72,72,72,72,,292.4219653,292.4219653,292.4219653,292.4219653,385,0.947945205,,,,,
31,4,nan,nan,4,4,4,4,,16.24566474,16.24566474,16.24566474,16.24566474,385,0.947945205,,,,,
31.5,55,54,nan,54.5,54.5,54.5,54.5,,221.3471821,221.3471821,221.3471821,221.3471821,385,0.947945205,,,,,
32,57,57,nan,57,57,57,57,,231.5007225,231.5007225,231.5007225,231.5007225,385,0.947945205,,,,,
32.5,92,-73,nan,9.5,9.5,9.5,9.5,,38.58345376,38.58345376,38.58345376,38.58345376,385,0.947945205,,,,,
33,65,nan,nan,65,65,65,65,,263.992052,263.992052,263.992052,263.992052,385,0.947945205,,,,,
33.5,112,nan,nan,112,112,112,112,,434.7734807,434.7734807,434.7734807,434.7734807,385,0.991780822,,,,,
34,89,nan,nan,89,89,89,89,,346.4466759,346.4466759,346.4466759,346.4466759,385,0.989041096,,,,,
34.5,39,nan,39,39,39,39,39,,151.8137119,151.8137119,151.8137119,151.8137119,385,0.989041096,,,,,
35,nan,nan,nan,#DIV/0!,#DIV/0!,#DIV/0!,#DIV/0!,,nan,nan,nan,nan,385,0.989041096,,221.9027677,221.9027677,221.9027677,221.9027677
35.5,-33,nan,-25,-29,nan,nan,nan,,-112.8871191,nan,nan,nan,385,0.989041096,,,,,
36,nan,nan,nan,#DIV/0!,#DIV/0!,#DIV/0!,#DIV/0!,,nan,nan,nan,nan,365,0.989041096,,,,,
36.5,41,nan,42,41.5,41.5,41.5,41.5,,153.1533934,153.1533934,153.1533934,153.1533934,365,0.989041096,,,,,
37,39,39,nan,39,39,39,39,,143.9272853,143.9272853,143.9272853,143.9272853,365,0.989041096,,,,,
37.5,43,40,nan,41.5,41.5,41.5,41.5,,153.1533934,153.1533934,153.1533934,153.1533934,365,0.989041096,,,,,
38,36,36,nan,36,36,36,36,,132.8559557,132.8559557,132.8559557,132.8559557,365,0.989041096,,,,,
38.5,43,41,nan,42,42,42,42,,154.998615,154.998615,154.998615,154.998615,365,0.989041096,,,,,
39,31,nan,32,31.5,31.5,31.5,31.5,,116.2489612,116.2489612,116.2489612,116.2489612,365,0.989041096,,,,,
39.5,35,nan,nan,35,35,35,35,,129.1655125,129.1655125,129.1655125,129.1655125,365,0.989041096,,,,,
40,47,44,nan,45.5,45.5,45.5,45.5,,167.9151662,167.9151662,167.9151662,167.9151662,365,0.989041096,,115.3923515,143.9272853,143.9272853,143.9272853
40.5,nan,nan,nan,#DIV/0!,#DIV/0!,#DIV/0!,#DIV/0!,,nan,nan,nan,nan,365,0.989041096,,,,,
41,nan,86,-13,36.5,36.5,36.5,36.5,,134.7011773,134.7011773,134.7011773,134.7011773,365,0.989041096,,,,,
41.5,57,nan,nan,57,57,57,57,,210.3552632,210.3552632,210.3552632,210.3552632,365,0.989041096,,,,,
42,nan,nan,51,51,51,51,51,,188.2126039,188.2126039,188.2126039,188.2126039,365,0.989041096,,,,,
42.5,74,nan,nan,74,74,74,74,,273.0927978,273.0927978,273.0927978,273.0927978,365,0.989041096,,,,,
43,nan,nan,nan,#DIV/0!,#DIV/0!,#DIV/0!,#DIV/0!,,nan,nan,nan,nan,365,-105.0410959,,,,,
43.5,43,nan,nan,43,43,43,43,,158.6890582,158.6890582,158.6890582,158.6890582,365,0.989041096,,,,,
44,92,nan,nan,92,92,92,92,,339.5207756,339.5207756,339.5207756,339.5207756,365,0.989041096,,,,,
44.5,51,nan,nan,51,51,51,51,,188.2126039,188.2126039,188.2126039,188.2126039,365,0.989041096,,,,,
45,134,nan,nan,134,134,134,134,,494.5193906,494.5193906,494.5193906,494.5193906,365,0.989041096,,248.4129588,248.4129588,248.4129588,248.4129588
45.5,36,33,nan,34.5,34.5,34.5,34.5,,127.3202909,127.3202909,127.3202909,127.3202909,365,0.989041096,,,,,
46,nan,nan,nan,#DIV/0!,#DIV/0!,#DIV/0!,#DIV/0!,,nan,nan,nan,nan,365,-105.0410959,,,,,
46.5,42,45,nan,43.5,43.5,43.5,43.5,,160.5342798,160.5342798,160.5342798,160.5342798,365,0.989041096,,,,,
47,21,nan,nan,21,21,21,21,,77.49930748,77.49930748,77.49930748,77.49930748,365,0.989041096,,,,,
47.5,nan,nan,nan,#DIV/0!,#DIV/0!,#DIV/0!,#DIV/0!,,nan,nan,nan,nan,365,-105.0410959,,,,,
48,-4,nan,nan,-4,-4,-4,nan,,-14.76177285,-14.76177285,-14.76177285,nan,365,0.989041096,,,,,
48.5,3,nan,nan,3,3,3,3,,11.07132964,11.07132964,11.07132964,11.07132964,365,0.989041096,,,,,
49,nan,nan,nan,#DIV/0!,#DIV/0!,#DIV/0!,#DIV/0!,,nan,nan,nan,nan,365,0.989041096,,,,,
49.5,50,nan,52,51,51,51,51,,188.2126039,188.2126039,188.2126039,188.2126039,365,0.989041096,,,,,
50,22,nan,21,21.5,21.5,21.5,21.5,,79.34452909,79.34452909,79.34452909,79.34452909,365,0.989041096,,89.88865255,89.88865255,89.88865255,107.3303901
50.5,29,nan,nan,29,29,29,29,,107.0228532,107.0228532,107.0228532,107.0228532,365,0.989041096,,,,,
51,28,27,nan,27.5,27.5,27.5,27.5,,101.4871884,101.4871884,101.4871884,101.4871884,365,0.989041096,,,,,
51.5,nan,nan,nan,#DIV/0!,#DIV/0!,#DIV/0!,#DIV/0!,,nan,nan,nan,nan,365,-105.0410959,,,,,
52,41,nan,nan,41,41,41,41,,151.3081717,151.3081717,151.3081717,151.3081717,365,0.989041096,,,,,
52.5,43,nan,43,43,43,43,43,,158.6890582,158.6890582,158.6890582,158.6890582,365,0.989041096,,,,,
53,35,nan,35,35,35,35,35,,129.1655125,129.1655125,129.1655125,129.1655125,365,0.989041096,,,,,
53.5,27,nan,nan,27,27,27,27,,99.64196676,99.64196676,99.64196676,99.64196676,365,0.989041096,,,,,
54,41,nan,nan,41,41,41,41,,151.3081717,151.3081717,151.3081717,151.3081717,365,0.989041096,,,,,
54.5,30,31,nan,30.5,30.5,30.5,30.5,,112.558518,112.558518,112.558518,112.558518,365,0.989041096,,,,,
55,45,48,nan,46.5,46.5,46.5,46.5,,171.6056094,171.6056094,171.6056094,171.6056094,365,0.989041096,,131.4207833,131.4207833,131.4207833,131.4207833
55.5,38,nan,nan,38,38,38,38,,140.2368421,140.2368421,140.2368421,140.2368421,365,0.989041096,,,,,
56,44,nan,nan,44,44,44,44,,162.3795014,162.3795014,162.3795014,162.3795014,365,0.989041096,,,,,
56.5,nan,nan,nan,#DIV/0!,#DIV/0!,#DIV/0!,#DIV/0!,,nan,nan,nan,nan,365,0.989041096,,,,,
57,54,-15,nan,19.5,19.5,19.5,19.5,,71.96364266,71.96364266,71.96364266,71.96364266,365,0.989041096,,,,,
57.5,-1,nan,-26,-13.5,-13.5,nan,nan,,-49.82098338,-49.82098338,nan,nan,365,0.989041096,,,,,
58,nan,nan,nan,#DIV/0!,#DIV/0!,#DIV/0!,#DIV/0!,,nan,nan,nan,nan,365,-105.0410959,,,,,
58.5,13,15,nan,14,14,14,14,,51.66620499,51.66620499,51.66620499,51.66620499,365,0.989041096,,,,,
59,27,nan,nan,27,27,27,27,,99.64196676,99.64196676,99.64196676,99.64196676,365,0.989041096,,,,,
59.5,33,nan,nan,33,33,33,33,,121.784626,121.784626,121.784626,121.784626,365,0.989041096,,,,,
60,nan,76,48,62,62,62,62,,228.8074792,228.8074792,228.8074792,228.8074792,365,0.989041096,,103.33241,103.33241,125.2114662,125.2114662
60.5,nan,nan,nan,#DIV/0!,#DIV/0!,#DIV/0!,#DIV/0!,,nan,nan,nan,nan,365,-105.0410959,,,,,
61,26,nan,nan,26,26,26,26,,95.95152355,95.95152355,95.95152355,95.95152355,365,0.989041096,,,,,
61.5,-25,nan,nan,-25,nan,nan,nan,,-92.26108033,nan,nan,nan,365,0.989041096,,,,,
62,-7,nan,nan,-7,-7,-7,nan,,-25.83310249,-25.83310249,-25.83310249,nan,365,0.989041096,,,,,
62.5,26,nan,nan,26,26,26,26,,95.95152355,95.95152355,95.95152355,95.95152355,365,0.989041096,,,,,
63,17,6,nan,11.5,11.5,11.5,11.5,,42.44009695,42.44009695,42.44009695,42.44009695,365,0.989041096,,,,,
63.5,-20,-9,nan,-14.5,-14.5,nan,nan,,-53.51142659,-53.51142659,nan,nan,365,0.989041096,,,,,
64,92,52,nan,72,72,72,72,,265.7119114,265.7119114,265.7119114,265.7119114,365,0.989041096,,,,,
64.5,31,1,nan,16,16,16,16,,59.04709141,59.04709141,59.04709141,59.04709141,365,0.989041096,,,,,
65,-42,25,nan,-8.5,-8.5,-8.5,nan,,-31.36876731,-31.36876731,-31.36876731,nan,365,0.989041096,,39.56975223,56.0486063,71.70003957,111.8204294
65.5,40,33,nan,36.5,36.5,36.5,36.5,,134.7011773,134.7011773,134.7011773,134.7011773,365,0.989041096,,,,,
66,96,nan,104,100,100,100,100,,369.0443213,369.0443213,369.0443213,369.0443213,365,0.989041096,,,,,
66.5,nan,nan,nan,#DIV/0!,#DIV/0!,#DIV/0!,#DIV/0!,,nan,nan,nan,nan,365,-105.0410959,,,,,
67,7,10,nan,8.5,8.5,8.5,8.5,,31.36876731,31.36876731,31.36876731,31.36876731,365,0.989041096,,,,,
67.5,31,33,nan,32,32,32,32,,118.0941828,118.0941828,118.0941828,118.0941828,365,0.989041096,,,,,
68,20,nan,20,20,20,20,20,,73.80886427,73.80886427,73.80886427,73.80886427,365,0.989041096,,,,,
68.5,41,15,nan,28,28,28,28,,103.33241,103.33241,103.33241,103.33241,365,0.989041096,,,,,
69,nan,nan,nan,#DIV/0!,#DIV/0!,#DIV/0!,#DIV/0!,,nan,nan,nan,nan,365,0.989041096,,,,,
69.5,24,nan,nan,24,24,24,24,,88.57063712,88.57063712,88.57063712,88.57063712,365,0.989041096,,,,,
70,29,nan,nan,29,29,29,29,,107.0228532,107.0228532,107.0228532,107.0228532,365,0.989041096,,128.2429017,128.2429017,128.2429017,128.2429017
70.5,35,34,nan,34.5,34.5,34.5,34.5,,127.3202909,127.3202909,127.3202909,127.3202909,365,0.989041096,,,,,
71,46,nan,nan,46,46,46,46,,169.7603878,169.7603878,169.7603878,169.7603878,365,0.989041096,,,,,
71.5,33,26,nan,29.5,29.5,29.5,29.5,,108.8680748,108.8680748,108.8680748,108.8680748,365,0.989041096,,,,,
72,25,26,nan,25.5,25.5,25.5,25.5,,94.10630194,94.10630194,94.10630194,94.10630194,365,0.989041096,,,,,
72.5,30,nan,nan,30,30,30,30,,110.7132964,110.7132964,110.7132964,110.7132964,365,0.989041096,,,,,
73,45,nan,nan,45,45,45,45,,166.0699446,166.0699446,166.0699446,166.0699446,365,0.989041096,,,,,
73.5,32,31,nan,31.5,31.5,31.5,31.5,,116.2489612,116.2489612,116.2489612,116.2489612,365,0.989041096,,,,,
74,26,nan,29,27.5,27.5,27.5,27.5,,101.4871884,101.4871884,101.4871884,101.4871884,365,0.989041096,,,,,
74.5,46,nan,44,45,45,45,45,,166.0699446,166.0699446,166.0699446,166.0699446,365,0.989041096,,,,,
75,38,nan,nan,38,38,38,38,,140.2368421,140.2368421,140.2368421,140.2368421,365,0.989041096,,130.0881233,130.0881233,130.0881233,130.0881233
75.5,26,nan,nan,26,26,26,26,,95.95152355,95.95152355,95.95152355,95.95152355,365,0.989041096,,,,,
76,64,44,nan,54,54,54,54,,199.2839335,199.2839335,199.2839335,199.2839335,365,0.989041096,,,,,
76.5,nan,nan,nan,#DIV/0!,#DIV/0!,#DIV/0!,#DIV/0!,,nan,nan,nan,nan,365,0.989041096,,,,,
77,44,42,nan,43,43,43,43,,158.6890582,158.6890582,158.6890582,158.6890582,365,0.989041096,,,,,
77.5,44,32,nan,38,38,38,38,,140.2368421,140.2368421,140.2368421,140.2368421,365,0.989041096,,,,,
78,36,38,nan,37,37,37,37,,136.5463989,136.5463989,136.5463989,136.5463989,365,0.989041096,,,,,
78.5,38,42,nan,40,40,40,40,,147.6177285,147.6177285,147.6177285,147.6177285,365,0.989041096,,,,,
79,-17,-2,nan,-9.5,-9.5,-9.5,nan,,-35.05921053,-35.05921053,-35.05921053,nan,365,0.989041096,,,,,
79.5,36,34,nan,35,35,35,35,,129.1655125,129.1655125,129.1655125,129.1655125,365,0.989041096,,,,,
80,20,nan,nan,20,20,20,20,,73.80886427,73.80886427,73.80886427,73.80886427,365,0.989041096,,116.2489612,116.2489612,116.2489612,135.1624827
80.5,20,nan,nan,20,20,20,20,,73.80886427,73.80886427,73.80886427,73.80886427,365,0.989041096,,,,,
81,32,nan,nan,32,32,32,32,,118.0941828,118.0941828,118.0941828,118.0941828,365,0.989041096,,,,,
81.5,63,nan,nan,63,63,63,63,,232.4979224,232.4979224,232.4979224,232.4979224,365,0.989041096,,,,,
82,49,45,nan,47,47,47,47,,173.450831,173.450831,173.450831,173.450831,365,0.989041096,,,,,
82.5,35,33,nan,34,34,34,34,,125.4750693,125.4750693,125.4750693,125.4750693,365,0.989041096,,,,,
83,42,63,nan,52.5,52.5,52.5,52.5,,193.7482687,193.7482687,193.7482687,193.7482687,365,0.989041096,,,,,
83.5,32,nan,34,33,33,33,33,,121.784626,121.784626,121.784626,121.784626,365,0.989041096,,,,,
84,38,35,nan,36.5,36.5,36.5,36.5,,134.7011773,134.7011773,134.7011773,134.7011773,365,0.989041096,,,,,
84.5,32,nan,nan,32,32,32,32,,118.0941828,118.0941828,118.0941828,118.0941828,365,0.989041096,,,,,
85,26,nan,26,26,26,26,26,,95.95152355,95.95152355,95.95152355,95.95152355,365,0.989041096,,138.7606648,138.7606648,138.7606648,138.7606648
85.5,24,nan,nan,24,24,24,24,,88.57063712,88.57063712,88.57063712,88.57063712,365,0.989041096,,,,,
86,29,nan,30,29.5,29.5,29.5,29.5,,108.8680748,108.8680748,108.8680748,108.8680748,365,0.989041096,,,,,
86.5,42,nan,45,43.5,43.5,43.5,43.5,,160.5342798,160.5342798,160.5342798,160.5342798,365,0.989041096,,,,,
87,38,nan,37,37.5,37.5,37.5,37.5,,138.3916205,138.3916205,138.3916205,138.3916205,365,0.989041096,,,,,
87.5,nan,nan,nan,#DIV/0!,#DIV/0!,#DIV/0!,#DIV/0!,,nan,nan,nan,nan,365,0.989041096,,,,,
88,60,nan,nan,60,60,60,60,,221.4265928,221.4265928,221.4265928,221.4265928,365,0.989041096,,,,,
88.5,nan,nan,nan,#DIV/0!,#DIV/0!,#DIV/0!,#DIV/0!,,nan,nan,nan,nan,365,-105.0410959,,,,,
89,25,22,nan,23.5,23.5,23.5,23.5,,86.72541551,86.72541551,86.72541551,86.72541551,365,0.989041096,,,,,
89.5,69,nan,nan,69,69,69,69,,254.6405817,254.6405817,254.6405817,254.6405817,365,0.989041096,,,,,
90,nan,nan,nan,#DIV/0!,#DIV/0!,#DIV/0!,#DIV/0!,,nan,nan,nan,nan,365,-105.0410959,,151.3081717,151.3081717,151.3081717,151.3081717
90.5,36,nan,36,36,36,36,36,,132.8559557,132.8559557,132.8559557,132.8559557,365,0.989041096,,,,,
91,33,nan,nan,33,33,33,33,,121.784626,121.784626,121.784626,121.784626,365,0.989041096,,,,,
91.5,37,nan,nan,37,37,37,37,,136.5463989,136.5463989,136.5463989,136.5463989,365,0.989041096,,,,,
92,31,nan,nan,31,31,31,31,,114.4037396,114.4037396,114.4037396,114.4037396,365,0.989041096,,,,,
92.5,32,nan,39,35.5,35.5,35.5,35.5,,131.0107341,131.0107341,131.0107341,131.0107341,365,0.989041096,,,,,
93,38,nan,nan,38,38,38,38,,140.2368421,140.2368421,140.2368421,140.2368421,365,0.989041096,,,,,
93.5,40,nan,nan,40,40,40,40,,147.6177285,147.6177285,147.6177285,147.6177285,365,0.989041096,,,,,
94,28,26,nan,27,27,27,27,,99.64196676,99.64196676,99.64196676,99.64196676,365,0.989041096,,,,,
94.5,30,27,nan,28.5,28.5,28.5,28.5,,105.1776316,105.1776316,105.1776316,105.1776316,365,0.989041096,,,,,
95,47,43,nan,45,45,45,45,,166.0699446,166.0699446,166.0699446,166.0699446,365,0.989041096,,129.5345568,129.5345568,129.5345568,129.5345568
95.5,33,33,nan,33,33,33,33,,121.784626,121.784626,121.784626,121.784626,365,0.989041096,,,,,
96,37,nan,nan,37,37,37,37,,136.5463989,136.5463989,136.5463989,136.5463989,365,0.989041096,,,,,
96.5,35,36,nan,35.5,35.5,35.5,35.5,,131.0107341,131.0107341,131.0107341,131.0107341,365,0.989041096,,,,,
97,47,nan,nan,47,47,47,47,,173.450831,173.450831,173.450831,173.450831,365,0.989041096,,,,,
97.5,41,nan,nan,41,41,41,41,,151.3081717,151.3081717,151.3081717,151.3081717,365,0.989041096,,,,,
98,31,nan,nan,31,31,31,31,,114.4037396,114.4037396,114.4037396,114.4037396,365,0.989041096,,,,,
98.5,36,31,nan,33.5,33.5,33.5,33.5,,123.6298476,123.6298476,123.6298476,123.6298476,365,0.989041096,,,,,
99,26,nan,25,25.5,25.5,25.5,25.5,,94.10630194,94.10630194,94.10630194,94.10630194,365,0.989041096,,,,,
99.5,25,nan,nan,25,25,25,25,,92.26108033,92.26108033,92.26108033,92.26108033,365,0.989041096,,,,,
100,35,31,nan,33,33,33,33,,121.784626,121.784626,121.784626,121.784626,365,0.989041096,,126.0286357,126.0286357,126.0286357,126.0286357
100.5,18,nan,nan,18,18,18,18,,66.42797784,66.42797784,66.42797784,66.42797784,365,0.989041096,,,,,
101,43,nan,43,43,43,43,43,,158.6890582,158.6890582,158.6890582,158.6890582,365,0.989041096,,,,,
101.5,41,38,nan,39.5,39.5,39.5,39.5,,145.7725069,145.7725069,145.7725069,145.7725069,365,0.989041096,,,,,
102,nan,nan,nan,#DIV/0!,#DIV/0!,#DIV/0!,#DIV/0!,,nan,nan,nan,nan,365,-105.0410959,,,,,
102.5,41,nan,nan,41,41,41,41,,151.3081717,151.3081717,151.3081717,151.3081717,365,0.989041096,,,,,
103,53,nan,nan,53,53,53,53,,195.5934903,195.5934903,195.5934903,195.5934903,365,0.989041096,,,,,
103.5,62,46,nan,54,54,54,54,,199.2839335,199.2839335,199.2839335,199.2839335,365,0.989041096,,,,,
104,nan,nan,nan,#DIV/0!,#DIV/0!,#DIV/0!,#DIV/0!,,nan,nan,nan,nan,365,-105.0410959,,,,,
104.5,43,41,nan,42,42,42,42,,154.998615,154.998615,154.998615,154.998615,365,0.989041096,,,,,
105,64,63,nan,63.5,63.5,63.5,63.5,,234.343144,234.343144,234.343144,234.343144,365,0.989041096,,163.3021122,163.3021122,163.3021122,163.3021122
105.5,36,nan,35,35.5,35.5,35.5,35.5,,131.0107341,131.0107341,131.0107341,131.0107341,365,0.989041096,,,,,
106,40,nan,nan,40,40,40,40,,147.6177285,147.6177285,147.6177285,147.6177285,365,0.989041096,,,,,
106.5,39,nan,nan,39,39,39,39,,143.9272853,143.9272853,143.9272853,143.9272853,365,0.989041096,,,,,
107,30,31,nan,30.5,30.5,30.5,30.5,,112.558518,112.558518,112.558518,112.558518,365,0.989041096,,,,,
107.5,46,49,nan,47.5,47.5,47.5,47.5,,175.2960526,175.2960526,175.2960526,175.2960526,365,0.989041096,,,,,
108,40,nan,nan,40,40,40,40,,147.6177285,147.6177285,147.6177285,147.6177285,365,0.989041096,,,,,
108.5,30,nan,29,29.5,29.5,29.5,29.5,,108.8680748,108.8680748,108.8680748,108.8680748,365,0.989041096,,,,,
109,34,nan,nan,34,34,34,34,,125.4750693,125.4750693,125.4750693,125.4750693,365,0.989041096,,,,,
109.5,31,nan,nan,31,31,31,31,,114.4037396,114.4037396,114.4037396,114.4037396,365,0.989041096,,,,,
110,29,27,nan,28,28,28,28,,103.33241,103.33241,103.33241,103.33241,365,0.989041096,,131.0107341,131.0107341,131.0107341,131.0107341
110.5,30,nan,nan,30,30,30,30,,110.7132964,110.7132964,110.7132964,110.7132964,365,0.989041096,,,,,
111,37,36,nan,36.5,36.5,36.5,36.5,,134.7011773,134.7011773,134.7011773,134.7011773,365,0.989041096,,,,,
111.5,40,nan,nan,40,40,40,40,,147.6177285,147.6177285,147.6177285,147.6177285,365,0.989041096,,,,,
112,19,nan,nan,19,19,19,19,,70.31319444,70.31319444,70.31319444,70.31319444,365,0.98630137,,,,,
112.5,33,nan,32,32.5,32.5,32.5,32.5,,120.2725694,120.2725694,120.2725694,120.2725694,365,0.98630137,,,,,
113,37,40,nan,38.5,38.5,38.5,38.5,,142.4767361,142.4767361,142.4767361,142.4767361,365,0.98630137,,,,,
113.5,30,24,nan,27,27,27,27,,99.91875,99.91875,99.91875,99.91875,365,0.98630137,,,,,
114,27,nan,nan,27,27,27,27,,99.91875,99.91875,99.91875,99.91875,365,0.98630137,,,,,
114.5,26,26,nan,26,26,26,26,,96.21805556,96.21805556,96.21805556,96.21805556,365,0.98630137,,,,,
115,21,nan,nan,21,21,21,21,,77.71458333,77.71458333,77.71458333,77.71458333,365,0.98630137,,109.9864841,109.9864841,109.9864841,109.9864841
115.5,48,43,nan,45.5,45.5,45.5,45.5,,168.3815972,168.3815972,168.3815972,168.3815972,365,0.98630137,,,,,
116,52,nan,nan,52,52,52,52,,192.4361111,192.4361111,192.4361111,192.4361111,365,0.98630137,,,,,
116.5,46,nan,nan,46,46,46,46,,170.2319444,170.2319444,170.2319444,170.2319444,365,0.98630137,,,,,
117,42,nan,nan,42,42,42,42,,155.4291667,155.4291667,155.4291667,155.4291667,365,0.98630137,,,,,
117.5,45,44,nan,44.5,44.5,44.5,44.5,,164.6809028,164.6809028,164.6809028,164.6809028,365,0.98630137,,,,,
118,19,nan,19,19,19,19,19,,70.31319444,70.31319444,70.31319444,70.31319444,365,0.98630137,,,,,
118.5,41,44,nan,42.5,42.5,42.5,42.5,,157.2795139,157.2795139,157.2795139,157.2795139,365,0.98630137,,,,,
119,48,49,nan,48.5,48.5,48.5,48.5,,179.4836806,179.4836806,179.4836806,179.4836806,365,0.98630137,,,,,
119.5,43,42,nan,42.5,42.5,42.5,42.5,,157.2795139,157.2795139,157.2795139,157.2795139,365,0.98630137,,,,,
120,27,nan,nan,27,27,27,27,,99.91875,99.91875,99.91875,99.91875,365,0.98630137,,151.5434375,151.5434375,151.5434375,151.5434375
120.5,31,nan,nan,31,31,31,31,,114.7215278,114.7215278,114.7215278,114.7215278,365,0.98630137,,,,,
121,48,46,nan,47,47,47,47,,173.9326389,173.9326389,173.9326389,173.9326389,365,0.98630137,,,,,
121.5,28,nan,nan,28,28,28,28,,103.6194444,103.6194444,103.6194444,103.6194444,365,0.98630137,,,,,
122,40,nan,nan,40,40,40,40,,148.0277778,148.0277778,148.0277778,148.0277778,365,0.98630137,,,,,
122.5,28,nan,26,27,27,27,27,,99.91875,99.91875,99.91875,99.91875,365,0.98630137,,,,,
123,18,nan,nan,18,18,18,18,,66.6125,66.6125,66.6125,66.6125,365,0.98630137,,,,,
123.5,28,29,nan,28.5,28.5,28.5,28.5,,105.4697917,105.4697917,105.4697917,105.4697917,365,0.98630137,,,,,
124,24,22,nan,23,23,23,23,,85.11597222,85.11597222,85.11597222,85.11597222,365,0.98630137,,,,,
124.5,25,nan,nan,25,25,25,25,,92.51736111,92.51736111,92.51736111,92.51736111,365,0.98630137,,,,,
125,50,nan,nan,50,50,50,50,,185.0347222,185.0347222,185.0347222,185.0347222,365,0.98630137,,117.4970486,117.4970486,117.4970486,117.4970486
125.5,18,nan,nan,18,18,18,18,,66.6125,66.6125,66.6125,66.6125,365,0.98630137,,,,,
126,11,nan,nan,11,11,11,11,,40.70763889,40.70763889,40.70763889,40.70763889,365,0.98630137,,,,,
126.5,38,nan,nan,38,38,38,38,,140.6263889,140.6263889,140.6263889,140.6263889,365,0.98630137,,,,,
127,28,nan,nan,28,28,28,28,,103.6194444,103.6194444,103.6194444,103.6194444,365,0.98630137,,,,,
127.5,44,35,nan,39.5,39.5,39.5,39.5,,146.1774306,146.1774306,146.1774306,146.1774306,365,0.98630137,,,,,
128,31,nan,nan,31,31,31,31,,114.7215278,114.7215278,114.7215278,114.7215278,365,0.98630137,,,,,
128.5,42,nan,nan,42,42,42,42,,155.4291667,155.4291667,155.4291667,155.4291667,365,0.98630137,,,,,
129,24,nan,28,26,26,26,26,,96.21805556,96.21805556,96.21805556,96.21805556,365,0.98630137,,,,,
129.5,31,nan,nan,31,31,31,31,,114.7215278,114.7215278,114.7215278,114.7215278,365,0.98630137,,,,,
130,40,34,nan,37,37,37,37,,157.5583333,157.5583333,157.5583333,157.5583333,420,0.98630137,,113.6392014,113.6392014,113.6392014,113.6392014
130.5,38,33,nan,35.5,35.5,35.5,35.5,,151.1708333,151.1708333,151.1708333,151.1708333,420,0.98630137,,,,,
131,29,26,nan,27.5,27.5,27.5,27.5,,117.1041667,117.1041667,117.1041667,117.1041667,420,0.98630137,,,,,
131.5,25,21,nan,23,23,23,23,,97.94166667,97.94166667,97.94166667,97.94166667,420,0.98630137,,,,,
132,18,nan,nan,18,18,18,18,,76.65,76.65,76.65,76.65,420,0.98630137,,,,,
132.5,34,nan,34,34,34,34,34,,144.7833333,144.7833333,144.7833333,144.7833333,420,0.98630137,,,,,
133,25,23,nan,24,24,24,24,,102.2,102.2,102.2,102.2,420,0.98630137,,,,,
133.5,45,nan,nan,45,45,45,45,,191.625,191.625,191.625,191.625,420,0.98630137,,,,,
134,nan,nan,nan,#DIV/0!,#DIV/0!,#DIV/0!,#DIV/0!,,nan,nan,nan,nan,420,-105.0410959,,,,,
134.5,20,nan,nan,20,20,20,20,,85.16666667,85.16666667,85.16666667,85.16666667,420,0.98630137,,,,,
135,42,nan,nan,42,42,42,42,,178.85,178.85,178.85,178.85,420,0.98630137,,127.2768519,127.2768519,127.2768519,127.2768519
135.5,23,21,nan,22,22,22,22,,93.68333333,93.68333333,93.68333333,93.68333333,420,0.98630137,,,,,
136,44,nan,nan,44,44,44,44,,187.3666667,187.3666667,187.3666667,187.3666667,420,0.98630137,,,,,
136.5,34,nan,nan,34,34,34,34,,144.7833333,144.7833333,144.7833333,144.7833333,420,0.98630137,,,,,
137,38,nan,nan,38,38,38,38,,161.8166667,161.8166667,161.8166667,161.8166667,420,0.98630137,,,,,
137.5,21,nan,nan,21,21,21,21,,89.425,89.425,89.425,89.425,420,0.98630137,,,,,
138,35,nan,nan,35,35,35,35,,149.0416667,149.0416667,149.0416667,149.0416667,420,0.98630137,,,,,
138.5,19,19,nan,19,19,19,19,,80.90833333,80.90833333,80.90833333,80.90833333,420,0.98630137,,,,,
139,38,nan,nan,38,38,38,38,,161.8166667,161.8166667,161.8166667,161.8166667,420,0.98630137,,,,,
139.5,43,42,nan,42.5,42.5,42.5,42.5,,180.9791667,180.9791667,180.9791667,180.9791667,420,0.98630137,,,,,
140,21,17,nan,19,19,19,19,,80.90833333,80.90833333,80.90833333,80.90833333,420,0.98630137,,133.0729167,133.0729167,133.0729167,133.0729167
140.5,14,12,nan,13,13,13,13,,55.35833333,55.35833333,55.35833333,55.35833333,420,0.98630137,,,,,
141,30,27,nan,28.5,28.5,28.5,28.5,,121.3625,121.3625,121.3625,121.3625,420,0.98630137,,,,,
141.5,42,nan,37,39.5,39.5,39.5,39.5,,168.2041667,168.2041667,168.2041667,168.2041667,420,0.98630137,,,,,
142,30,29,nan,29.5,29.5,29.5,29.5,,125.6208333,125.6208333,125.6208333,125.6208333,420,0.98630137,,,,,
142.5,31,nan,33,32,32,32,32,,136.2666667,136.2666667,136.2666667,136.2666667,420,0.98630137,,,,,
143,31,nan,26,28.5,28.5,28.5,28.5,,121.3625,121.3625,121.3625,121.3625,420,0.98630137,,,,,
143.5,17,20,nan,18.5,18.5,18.5,18.5,,78.77916667,78.77916667,78.77916667,78.77916667,420,0.98630137,,,,,
144,10,nan,nan,10,10,10,10,,42.58333333,42.58333333,42.58333333,42.58333333,420,0.98630137,,,,,
144.5,27,nan,nan,27,27,27,27,,114.975,114.975,114.975,114.975,420,0.98630137,,,,,
145,27,nan,30,28.5,28.5,28.5,28.5,,121.3625,121.3625,121.3625,121.3625,420,0.98630137,,108.5875,108.5875,108.5875,108.5875
145.5,16,14,nan,15,15,15,15,,63.875,63.875,63.875,63.875,420,0.98630137,,,,,
146,24,16,nan,20,20,20,20,,85.16666667,85.16666667,85.16666667,85.16666667,420,0.98630137,,,,,
146.5,42,39,nan,40.5,40.5,40.5,40.5,,172.4625,172.4625,172.4625,172.4625,420,0.98630137,,,,,
147,32,32,nan,32,32,32,32,,136.2666667,136.2666667,136.2666667,136.2666667,420,0.98630137,,,,,
147.5,23,17,nan,20,20,20,20,,85.16666667,85.16666667,85.16666667,85.16666667,420,0.98630137,,,,,
148,31,28,nan,29.5,29.5,29.5,29.5,,125.6208333,125.6208333,125.6208333,125.6208333,420,0.98630137,,,,,
148.5,22,19,nan,20.5,20.5,20.5,20.5,,87.29583333,87.29583333,87.29583333,87.29583333,420,0.98630137,,,,,
149,21,18,nan,19.5,19.5,19.5,19.5,,83.0375,83.0375,83.0375,83.0375,420,0.98630137,,,,,
149.5,26,23,nan,24.5,24.5,24.5,24.5,,104.3291667,104.3291667,104.3291667,104.3291667,420,0.98630137,,,,,
150,9,13,nan,11,11,11,11,,46.84166667,46.84166667,46.84166667,46.84166667,420,0.98630137,,99.00625,99.00625,99.00625,99.00625
150.5,1,nan,-1,nan,nan,nan,nan,,nan,nan,nan,nan,420,0.98630137,,,,,
151,20,nan,nan,20,20,20,20,,85.16666667,85.16666667,85.16666667,85.16666667,420,0.98630137,,,,,
151.5,35,nan,nan,35,35,35,35,,149.0416667,149.0416667,149.0416667,149.0416667,420,0.98630137,,,,,
152,22,17,nan,19.5,19.5,19.5,19.5,,83.0375,83.0375,83.0375,83.0375,420,0.98630137,,,,,
152.5,17,16,nan,16.5,16.5,16.5,16.5,,70.2625,70.2625,70.2625,70.2625,420,0.98630137,,,,,
153,22,14,nan,18,18,18,18,,76.65,76.65,76.65,76.65,420,0.98630137,,,,,
153.5,27,nan,32,29.5,29.5,29.5,29.5,,125.6208333,125.6208333,125.6208333,125.6208333,420,0.98630137,,,,,
154,39,nan,nan,39,39,39,39,,166.075,166.075,166.075,166.075,420,0.98630137,,,,,
154.5,35,nan,nan,35,35,35,35,,149.0416667,149.0416667,149.0416667,149.0416667,420,0.98630137,,,,,
155,23,nan,nan,23,23,23,23,,97.94166667,97.94166667,97.94166667,97.94166667,420,0.98630137,,100.28375,100.28375,100.28375,100.28375
155.5,28,27,nan,27.5,27.5,27.5,27.5,,117.1041667,117.1041667,117.1041667,117.1041667,420,0.98630137,,,,,
156,10,nan,nan,10,10,10,10,,42.58333333,42.58333333,42.58333333,42.58333333,420,0.98630137,,,,,
156.5,38,23,nan,30.5,30.5,30.5,30.5,,129.8791667,129.8791667,129.8791667,129.8791667,420,0.98630137,,,,,
157,49,48,nan,48.5,48.5,48.5,48.5,,206.5291667,206.5291667,206.5291667,206.5291667,420,0.98630137,,,,,
157.5,27,nan,nan,27,27,27,27,,114.975,114.975,114.975,114.975,420,0.98630137,,,,,
158,26,24,nan,25,25,25,25,,106.4583333,106.4583333,106.4583333,106.4583333,420,0.98630137,,,,,
158.5,38,nan,34,36,36,36,36,,153.3,153.3,153.3,153.3,420,0.98630137,,,,,
159,29,25,nan,27,27,27,27,,114.975,114.975,114.975,114.975,420,0.98630137,,,,,
159.5,30,nan,33,31.5,31.5,31.5,31.5,,134.1375,134.1375,134.1375,134.1375,420,0.98630137,,,,,
160,27,25,nan,26,26,26,26,,110.7166667,110.7166667,110.7166667,110.7166667,420,0.98630137,,123.0658333,123.0658333,123.0658333,123.0658333
160.5,18,nan,nan,18,18,18,18,,76.65,76.65,76.65,76.65,420,0.98630137,,,,,
161,34,nan,35,34.5,34.5,34.5,34.5,,146.9125,146.9125,146.9125,146.9125,420,0.98630137,,,,,
161.5,19,nan,14,16.5,16.5,16.5,16.5,,70.2625,70.2625,70.2625,70.2625,420,0.98630137,,,,,
162,15,15,nan,15,15,15,15,,63.875,63.875,63.875,63.875,420,0.98630137,,,,,
162.5,21,nan,24,22.5,22.5,22.5,22.5,,95.8125,95.8125,95.8125,95.8125,420,0.98630137,,,,,
163,32,30,nan,31,31,31,31,,132.0083333,132.0083333,132.0083333,132.0083333,420,0.98630137,,,,,
163.5,23,nan,nan,23,23,23,23,,97.94166667,97.94166667,97.94166667,97.94166667,420,0.98630137,,,,,
164,30,nan,nan,30,30,30,30,,127.75,127.75,127.75,127.75,420,0.98630137,,,,,
164.5,9,nan,nan,9,9,9,9,,38.325,38.325,38.325,38.325,420,0.98630137,,,,,
165,36,nan,34,35,35,35,35,,149.0416667,149.0416667,149.0416667,149.0416667,420,0.98630137,,99.85791667,99.85791667,99.85791667,99.85791667
165.5,26,26,nan,26,26,26,26,,110.7166667,110.7166667,110.7166667,110.7166667,420,0.98630137,,,,,
166,31,nan,nan,31,31,31,31,,132.0083333,132.0083333,132.0083333,132.0083333,420,0.98630137,,,,,
166.5,10,nan,nan,10,10,10,10,,42.58333333,42.58333333,42.58333333,42.58333333,420,0.98630137,,,,,
167,-5,nan,-4,-4.5,-4.5,-4.5,nan,,-19.1625,-19.1625,-19.1625,nan,420,0.98630137,,,,,
167.5,22,nan,13,17.5,17.5,17.5,17.5,,74.52083333,74.52083333,74.52083333,74.52083333,420,0.98630137,,,,,
168,9,10,nan,9.5,9.5,9.5,9.5,,40.45416667,40.45416667,40.45416667,40.45416667,420,0.98630137,,,,,
168.5,33,nan,nan,33,33,33,33,,140.525,140.525,140.525,140.525,420,0.98630137,,,,,
169,18,nan,10,14,14,14,14,,59.61666667,59.61666667,59.61666667,59.61666667,420,0.98630137,,,,,
169.5,8,nan,nan,8,8,8,8,,34.06666667,34.06666667,34.06666667,34.06666667,420,0.98630137,,,,,
170,8,nan,6,7,7,7,7,,29.80833333,29.80833333,29.80833333,29.80833333,420,0.98630137,,64.51375,64.51375,64.51375,73.81111111
170.5,2,6,nan,4,4,4,4,,17.03333333,17.03333333,17.03333333,17.03333333,420,0.98630137,,,,,
171,13,17,nan,15,15,15,15,,63.875,63.875,63.875,63.875,420,0.98630137,,,,,
171.5,8,8,nan,8,8,8,8,,34.06666667,34.06666667,34.06666667,34.06666667,420,0.98630137,,,,,
172,21,nan,nan,21,21,21,21,,89.425,89.425,89.425,89.425,420,0.98630137,,,,,
172.5,29,nan,nan,29,29,29,29,,123.4916667,123.4916667,123.4916667,123.4916667,420,0.98630137,,,,,
173,47,nan,nan,47,47,47,47,,200.1416667,200.1416667,200.1416667,200.1416667,420,0.98630137,,,,,
173.5,21,nan,nan,21,21,21,21,,89.425,89.425,89.425,89.425,420,0.98630137,,,,,
174,-8,nan,-6,-7,-7,-7,nan,,-29.80833333,-29.80833333,-29.80833333,nan,420,0.98630137,,,,,
174.5,14,nan,nan,14,14,14,14,,59.61666667,59.61666667,59.61666667,59.61666667,420,0.98630137,,,,,
175,24,nan,nan,24,24,24,24,,102.2,102.2,102.2,102.2,420,0.98630137,,74.94666667,74.94666667,74.94666667,86.58611111
175.5,11,nan,nan,11,11,11,11,,53.53333333,53.53333333,53.53333333,53.53333333,480,0.98630137,,,,,
176,16,49,nan,32.5,32.5,32.5,32.5,,158.1666667,158.1666667,158.1666667,158.1666667,480,0.98630137,,,,,
176.5,27,nan,nan,27,27,27,27,,131.4,131.4,131.4,131.4,480,0.98630137,,,,,
177,2,nan,nan,2,2,2,2,,9.733333333,9.733333333,9.733333333,9.733333333,480,0.98630137,,,,,
177.5,13,nan,nan,13,13,13,13,,63.26666667,63.26666667,63.26666667,63.26666667,480,0.98630137,,,,,
178,45,45,nan,45,45,45,45,,219,219,219,219,480,0.98630137,,,,,
178.5,31,nan,nan,31,31,31,31,,150.8666667,150.8666667,150.8666667,150.8666667,480,0.98630137,,,,,
179,25,32,nan,28.5,28.5,28.5,28.5,,138.7,138.7,138.7,138.7,480,0.98630137,,,,,
179.5,3,nan,nan,3,3,3,3,,14.6,14.6,14.6,14.6,480,0.98630137,,,,,
180,28,nan,nan,28,28,28,28,,136.2666667,136.2666667,136.2666667,136.2666667,480,0.98630137,,107.5533333,107.5533333,107.5533333,107.5533333
180.5,13,nan,nan,13,13,13,13,,63.26666667,63.26666667,63.26666667,63.26666667,480,0.98630137,,,,,
181,7,12,nan,9.5,9.5,9.5,9.5,,46.23333333,46.23333333,46.23333333,46.23333333,480,0.98630137,,,,,
181.5,-10,nan,nan,-10,-10,-10,nan,,-48.66666667,-48.66666667,-48.66666667,nan,480,0.98630137,,,,,
182,16,nan,nan,16,16,16,16,,77.86666667,77.86666667,77.86666667,77.86666667,480,0.98630137,,,,,
182.5,16,nan,nan,16,16,16,16,,77.86666667,77.86666667,77.86666667,77.86666667,480,0.98630137,,,,,
183,21,33,nan,27,27,27,27,,131.4,131.4,131.4,131.4,480,0.98630137,,,,,
183.5,19,12,nan,15.5,15.5,15.5,15.5,,75.43333333,75.43333333,75.43333333,75.43333333,480,0.98630137,,,,,
184,19,22,nan,20.5,20.5,20.5,20.5,,99.76666667,99.76666667,99.76666667,99.76666667,480,0.98630137,,,,,
184.5,25,nan,nan,25,25,25,25,,121.6666667,121.6666667,121.6666667,121.6666667,480,0.98630137,,,,,
185,16,nan,15,15.5,15.5,15.5,15.5,,75.43333333,75.43333333,75.43333333,75.43333333,480,0.98630137,,72.02666667,72.02666667,72.02666667,85.43703704
185.5,9,9,nan,9,9,9,9,,43.8,43.8,43.8,43.8,480,0.98630137,,,,,
186,8,2,nan,5,5,5,5,,24.33333333,24.33333333,24.33333333,24.33333333,480,0.98630137,,,,,
186.5,3,nan,nan,3,3,3,3,,14.6,14.6,14.6,14.6,480,0.98630137,,,,,
187,27,27,nan,27,27,27,27,,131.4,131.4,131.4,131.4,480,0.98630137,,,,,
187.5,28,28,nan,28,28,28,28,,136.2666667,136.2666667,136.2666667,136.2666667,480,0.98630137,,,,,
188,9,nan,nan,9,9,9,9,,43.8,43.8,43.8,43.8,480,0.98630137,,,,,
188.5,7,5,nan,6,6,6,6,,29.2,29.2,29.2,29.2,480,0.98630137,,,,,
189,1,-5,nan,-2,-2,-2,nan,,-9.733333333,-9.733333333,-9.733333333,nan,480,0.98630137,,,,,
189.5,5,4,nan,4.5,4.5,4.5,4.5,,21.9,21.9,21.9,21.9,480,0.98630137,,,,,
190,2,nan,nan,2,2,2,2,,9.733333333,9.733333333,9.733333333,9.733333333,480,0.98630137,,44.53,44.53,44.53,50.55925926
190.5,-9,nan,nan,-9,-9,-9,nan,,-43.8,-43.8,-43.8,nan,480,0.98630137,,,,,
191,17,nan,nan,17,17,17,17,,82.73333333,82.73333333,82.73333333,82.73333333,480,0.98630137,,,,,
191.5,6,nan,7,6.5,6.5,6.5,6.5,,31.63333333,31.63333333,31.63333333,31.63333333,480,0.98630137,,,,,
192,nan,nan,nan,#DIV/0!,#DIV/0!,#DIV/0!,#DIV/0!,,nan,nan,nan,nan,480,0.98630137,,,,,
192.5,10,nan,nan,10,10,10,10,,48.66666667,48.66666667,48.66666667,48.66666667,480,0.98630137,,,,,
193,10,nan,nan,10,10,10,10,,48.66666667,48.66666667,48.66666667,48.66666667,480,0.98630137,,,,,
193.5,54,nan,35,44.5,44.5,44.5,44.5,,216.5666667,216.5666667,216.5666667,216.5666667,480,0.98630137,,,,,
194,-59,nan,nan,-59,nan,nan,nan,,-287.1333333,nan,nan,nan,480,0.98630137,,,,,
194.5,-24,nan,nan,-24,nan,nan,nan,,-116.8,nan,nan,nan,480,0.98630137,,,,,
195,32,nan,26,29,29,29,29,,141.1333333,141.1333333,141.1333333,141.1333333,480,0.98630137,,13.51851852,75.08571429,75.08571429,94.9
195.5,12,nan,15,13.5,13.5,13.5,13.5,,65.7,65.7,65.7,65.7,480,0.98630137,,,,,
196,7,nan,8,7.5,7.5,7.5,7.5,,36.5,36.5,36.5,36.5,480,0.98630137,,,,,
196.5,2,nan,nan,2,2,2,2,,9.733333333,9.733333333,9.733333333,9.733333333,480,0.98630137,,,,,
197,-16,nan,nan,-16,-16,nan,nan,,-77.86666667,-77.86666667,nan,nan,480,0.98630137,,,,,
197.5,23,nan,nan,23,23,23,23,,111.9333333,111.9333333,111.9333333,111.9333333,480,0.98630137,,,,,
198,16,30,nan,23,23,23,23,,111.9333333,111.9333333,111.9333333,111.9333333,480,0.98630137,,,,,
198.5,11,10,nan,10.5,10.5,10.5,10.5,,51.1,51.1,51.1,51.1,480,0.98630137,,,,,
199,20,nan,20,20,20,20,20,,97.33333333,97.33333333,97.33333333,97.33333333,480,0.98630137,,,,,
199.5,-4,-9,nan,-6.5,-6.5,-6.5,nan,,-31.63333333,-31.63333333,-31.63333333,nan,480,0.98630137,,,,,
200,-18,nan,nan,-18,-18,nan,nan,,-87.6,-87.6,nan,nan,480,0.98630137,,28.71333333,28.71333333,56.575,69.17619048
200.5,-83,nan,12,-35.5,nan,nan,nan,,-172.7666667,nan,nan,nan,480,0.98630137,,,,,
201,37,nan,nan,37,37,37,37,,180.0666667,180.0666667,180.0666667,180.0666667,480,0.98630137,,,,,
201.5,-13,-10,nan,-11.5,-11.5,nan,nan,,-55.96666667,-55.96666667,nan,nan,480,0.98630137,,,,,
202,-6,nan,nan,-6,-6,-6,nan,,-29.2,-29.2,-29.2,nan,480,0.98630137,,,,,
202.5,5,nan,nan,5,5,5,5,,24.33333333,24.33333333,24.33333333,24.33333333,480,0.98630137,,,,,
203,1,nan,nan,1,1,1,1,,4.866666667,4.866666667,4.866666667,4.866666667,480,0.98630137,,,,,
203.5,7,nan,nan,7,7,7,7,,34.06666667,34.06666667,34.06666667,34.06666667,480,0.98630137,,,,,
204,nan,nan,nan,#DIV/0!,#DIV/0!,#DIV/0!,#DIV/0!,,nan,nan,nan,nan,480,106.0246575,,,,,
204.5,nan,nan,nan,#DIV/0!,#DIV/0!,#DIV/0!,#DIV/0!,,nan,nan,nan,nan,480,106.0246575,,,,,
205,nan,nan,nan,#DIV/0!,#DIV/0!,#DIV/0!,#DIV/0!,,nan,nan,nan,nan,480,106.0246575,,-2.085714286,26.36111111,42.82666667,60.83333333
205.5,nan,nan,nan,#DIV/0!,#DIV/0!,#DIV/0!,#DIV/0!,,nan,nan,nan,nan,480,106.0246575,,,,,
206,nan,nan,nan,#DIV/0!,#DIV/0!,#DIV/0!,#DIV/0!,,nan,nan,nan,nan,480,106.0246575,,,,,
206.5,nan,nan,nan,#DIV/0!,#DIV/0!,#DIV/0!,#DIV/0!,,nan,nan,nan,nan,480,106.0246575,,,,,
207,nan,nan,nan,#DIV/0!,#DIV/0!,#DIV/0!,#DIV/0!,,nan,nan,nan,nan,480,106.0246575,,,,,
207.5,nan,nan,nan,#DIV/0!,#DIV/0!,#DIV/0!,#DIV/0!,,nan,nan,nan,nan,480,106.0246575,,,,,
208,nan,nan,nan,#DIV/0!,#DIV/0!,#DIV/0!,#DIV/0!,,nan,nan,nan,nan,480,106.0246575,,,,,
208.5,nan,nan,nan,#DIV/0!,#DIV/0!,#DIV/0!,#DIV/0!,,nan,nan,nan,nan,480,106.0246575,,,,,
209,nan,nan,nan,#DIV/0!,#DIV/0!,#DIV/0!,#DIV/0!,,nan,nan,nan,nan,480,106.0246575,,,,,
209.5,nan,nan,nan,#DIV/0!,#DIV/0!,#DIV/0!,#DIV/0!,,nan,nan,nan,nan,480,106.0246575,,,,,
210,nan,nan,nan,#DIV/0!,#DIV/0!,#DIV/0!,#DIV/0!,,nan,nan,nan,nan,480,106.0219178,,#DIV/0!,#DIV/0!,#DIV/0!,#DIV/0!
210.5,nan,nan,nan,#DIV/0!,#DIV/0!,#DIV/0!,#DIV/0!,,nan,nan,nan,nan,480,106.0219178,,,,,
211,nan,nan,nan,#DIV/0!,#DIV/0!,#DIV/0!,#DIV/0!,,nan,nan,nan,nan,480,106.0219178,,,,,
211.5,nan,nan,nan,#DIV/0!,#DIV/0!,#DIV/0!,#DIV/0!,,nan,nan,nan,nan,480,106.0219178,,,,,
212,nan,nan,nan,#DIV/0!,#DIV/0!,#DIV/0!,#DIV/0!,,nan,nan,nan,nan,480,106.0219178,,,,,
212.5,nan,nan,nan,#DIV/0!,#DIV/0!,#DIV/0!,#DIV/0!,,nan,nan,nan,nan,480,106.0219178,,,,,
213,nan,nan,nan,#DIV/0!,#DIV/0!,#DIV/0!,#DIV/0!,,nan,nan,nan,nan,480,106.0219178,,,,,
213.5,nan,nan,nan,#DIV/0!,#DIV/0!,#DIV/0!,#DIV/0!,,nan,nan,nan,nan,480,106.0219178,,,,,
214,nan,nan,nan,#DIV/0!,#DIV/0!,#DIV/0!,#DIV/0!,,nan,nan,nan,nan,480,106.0219178,,,,,
214.5,nan,nan,nan,#DIV/0!,#DIV/0!,#DIV/0!,#DIV/0!,,nan,nan,nan,nan,480,106.0219178,,,,,
215,nan,nan,nan,#DIV/0!,#DIV/0!,#DIV/0!,#DIV/0!,,nan,nan,nan,nan,480,106.0219178,,#DIV/0!,#DIV/0!,#DIV/0!,#DIV/0!
215.5,nan,nan,nan,#DIV/0!,#DIV/0!,#DIV/0!,#DIV/0!,,nan,nan,nan,nan,480,106.0219178,,,,,
216,nan,nan,nan,#DIV/0!,#DIV/0!,#DIV/0!,#DIV/0!,,nan,nan,nan,nan,480,106.0219178,,,,,
216.5,nan,nan,nan,#DIV/0!,#DIV/0!,#DIV/0!,#DIV/0!,,nan,nan,nan,nan,480,106.0219178,,,,,
217,nan,nan,nan,#DIV/0!,#DIV/0!,#DIV/0!,#DIV/0!,,nan,nan,nan,nan,480,106.0219178,,,,,
217.5,nan,nan,nan,#DIV/0!,#DIV/0!,#DIV/0!,#DIV/0!,,nan,nan,nan,nan,480,-0.002739726,,,,,
218,nan,nan,nan,#DIV/0!,#DIV/0!,#DIV/0!,#DIV/0!,,nan,nan,nan,nan,480,106.0219178,,,,,
218.5,nan,nan,nan,#DIV/0!,#DIV/0!,#DIV/0!,#DIV/0!,,nan,nan,nan,nan,480,106.0219178,,,,,
219,nan,nan,nan,#DIV/0!,#DIV/0!,#DIV/0!,#DIV/0!,,nan,nan,nan,nan,480,106.0219178,,,,,
219.5,nan,nan,nan,#DIV/0!,#DIV/0!,#DIV/0!,#DIV/0!,,nan,nan,nan,nan,480,106.0219178,,,,,
220,nan,nan,nan,#DIV/0!,#DIV/0!,#DIV/0!,#DIV/0!,,nan,nan,nan,nan,480,106.0219178,,#DIV/0!,#DIV/0!,#DIV/0!,#DIV/0!
220.5,nan,nan,nan,#DIV/0!,#DIV/0!,#DIV/0!,#DIV/0!,,nan,nan,nan,nan,480,106.0219178,,,,,
221,nan,nan,nan,#DIV/0!,#DIV/0!,#DIV/0!,#DIV/0!,,nan,nan,nan,nan,480,106.0219178,,,,,
221.5,nan,nan,nan,#DIV/0!,#DIV/0!,#DIV/0!,#DIV/0!,,nan,nan,nan,nan,480,106.0219178,,,,,
222,nan,nan,nan,#DIV/0!,#DIV/0!,#DIV/0!,#DIV/0!,,nan,nan,nan,nan,480,106.0219178,,,,,
222.5,nan,nan,nan,#DIV/0!,#DIV/0!,#DIV/0!,#DIV/0!,,nan,nan,nan,nan,480,0.98630137,,,,,
223,nan,13,nan,13,13,13,13,,63.26666667,63.26666667,63.26666667,63.26666667,480,0.98630137,,,,,
223.5,-3,1,nan,-1,-1,-1,nan,,-4.866666667,-4.866666667,-4.866666667,nan,480,0.98630137,,,,,
224,-6,nan,nan,-6,-6,-6,nan,,-29.2,-29.2,-29.2,nan,480,0.98630137,,,,,
224.5,12,nan,nan,12,12,12,12,,58.4,58.4,58.4,58.4,480,0.98630137,,,,,
225,-6,nan,nan,-6,-6,-6,nan,,-29.2,-29.2,-29.2,nan,480,0.98630137,,11.68,11.68,11.68,60.83333333
225.5,19,20,nan,19.5,19.5,19.5,19.5,,94.9,94.9,94.9,94.9,480,0.98630137,,,,,
226,7,7,nan,7,7,7,7,,34.06666667,34.06666667,34.06666667,34.06666667,480,0.98630137,,,,,
226.5,10,16,nan,13,13,13,13,,63.26666667,63.26666667,63.26666667,63.26666667,480,0.98630137,,,,,
227,10,11,nan,10.5,10.5,10.5,10.5,,51.1,51.1,51.1,51.1,480,0.98630137,,,,,
305,-8,-2,nan,-5,-5,-5,nan,,-24.33333333,-24.33333333,-24.33333333,nan,480,0.98630137,,,,,
228,15,7,nan,11,11,11,11,,53.53333333,53.53333333,53.53333333,53.53333333,480,0.98630137,,,,,
228.5,-4,nan,nan,-4,-4,-4,nan,,-19.46666667,-19.46666667,-19.46666667,nan,480,0.98630137,,,,,
229,12,-18,nan,-3,-3,-3,nan,,-14.6,-14.6,-14.6,nan,480,0.98630137,,,,,
229.5,-4,-2,nan,-3,-3,-3,nan,,-14.6,-14.6,-14.6,nan,480,0.98630137,,,,,
230,-4,-5,nan,-4.5,-4.5,-4.5,nan,,-21.9,-21.9,-21.9,nan,480,0.98630137,,20.19666667,20.19666667,20.19666667,59.37333333
230.5,17,78,nan,47.5,47.5,47.5,47.5,,204.6788194,204.6788194,204.6788194,204.6788194,425,0.98630137,,,,,
231,91,nan,nan,91,91,91,91,,392.1215278,392.1215278,392.1215278,392.1215278,425,0.98630137,,,,,
231.5,18,21,nan,19.5,19.5,19.5,19.5,,84.02604167,84.02604167,84.02604167,84.02604167,425,0.98630137,,,,,
232,54,nan,nan,54,54,54,54,,232.6875,232.6875,232.6875,232.6875,425,0.98630137,,,,,
232.5,36,34,nan,35,35,35,35,,150.8159722,150.8159722,150.8159722,150.8159722,425,0.98630137,,,,,
233,19,16,nan,17.5,17.5,17.5,17.5,,75.40798611,75.40798611,75.40798611,75.40798611,425,0.98630137,,,,,
233.5,17,nan,nan,17,17,17,17,,73.25347222,73.25347222,73.25347222,73.25347222,425,0.98630137,,,,,
234,15,15,nan,15,15,15,15,,64.63541667,64.63541667,64.63541667,64.63541667,425,0.98630137,,,,,
234.5,26,20,nan,23,23,23,23,,99.10763889,99.10763889,99.10763889,99.10763889,425,0.98630137,,,,,
235,21,10,nan,15.5,15.5,15.5,15.5,,66.78993056,66.78993056,66.78993056,66.78993056,425,0.98630137,,144.3524306,144.3524306,144.3524306,144.3524306
235.5,28,28,nan,28,28,28,28,,120.6527778,120.6527778,120.6527778,120.6527778,425,0.98630137,,,,,
236,21,21,nan,21,21,21,21,,90.48958333,90.48958333,90.48958333,90.48958333,425,0.98630137,,,,,
236.5,43,33,nan,38,38,38,38,,163.7430556,163.7430556,163.7430556,163.7430556,425,0.98630137,,,,,
237,25,29,nan,27,27,27,27,,116.34375,116.34375,116.34375,116.34375,425,0.98630137,,,,,
237.5,31,38,nan,34.5,34.5,34.5,34.5,,148.6614583,148.6614583,148.6614583,148.6614583,425,0.98630137,,,,,
238,13,32,nan,22.5,22.5,22.5,22.5,,96.953125,96.953125,96.953125,96.953125,425,0.98630137,,,,,
238.5,11,7,nan,9,9,9,9,,38.78125,38.78125,38.78125,38.78125,425,0.98630137,,,,,
239,23,nan,nan,23,23,23,23,,99.10763889,99.10763889,99.10763889,99.10763889,425,0.98630137,,,,,
239.5,21,nan,nan,21,21,21,21,,90.48958333,90.48958333,90.48958333,90.48958333,425,0.98630137,,,,,
240,14,12,nan,13,13,13,13,,56.01736111,56.01736111,56.01736111,56.01736111,425,0.98630137,,102.1239583,102.1239583,102.1239583,102.1239583
240.5,34,33,nan,33.5,33.5,33.5,33.5,,144.3524306,144.3524306,144.3524306,144.3524306,425,0.98630137,,,,,
241,26,nan,nan,26,26,26,26,,112.0347222,112.0347222,112.0347222,112.0347222,425,0.98630137,,,,,
241.5,24,25,nan,24.5,24.5,24.5,24.5,,105.5711806,105.5711806,105.5711806,105.5711806,425,0.98630137,,,,,
242,28,25,nan,26.5,26.5,26.5,26.5,,114.1892361,114.1892361,114.1892361,114.1892361,425,0.98630137,,,,,
242.5,31,nan,nan,31,31,31,31,,133.5798611,133.5798611,133.5798611,133.5798611,425,0.98630137,,,,,
243,20,20,nan,20,20,20,20,,86.18055556,86.18055556,86.18055556,86.18055556,425,0.98630137,,,,,
243.5,34,29,nan,31.5,31.5,31.5,31.5,,135.734375,135.734375,135.734375,135.734375,425,0.98630137,,,,,
244,23,24,nan,23.5,23.5,23.5,23.5,,101.2621528,101.2621528,101.2621528,101.2621528,425,0.98630137,,,,,
244.5,33,30,nan,31.5,31.5,31.5,31.5,,135.734375,135.734375,135.734375,135.734375,425,0.98630137,,,,,
245,21,-1,nan,10,10,10,10,,43.09027778,43.09027778,43.09027778,43.09027778,425,0.98630137,,111.1729167,111.1729167,111.1729167,111.1729167
245.5,-19,1,nan,-9,-9,-9,nan,,-38.78125,-38.78125,-38.78125,nan,425,0.98630137,,,,,
246,52,54,nan,53,53,53,53,,228.3784722,228.3784722,228.3784722,228.3784722,425,0.98630137,,,,,
246.5,33,32,nan,32.5,32.5,32.5,32.5,,140.0434028,140.0434028,140.0434028,140.0434028,425,0.98630137,,,,,
247,13,nan,nan,13,13,13,13,,56.01736111,56.01736111,56.01736111,56.01736111,425,0.98630137,,,,,
247.5,11,6,nan,8.5,8.5,8.5,8.5,,36.62673611,36.62673611,36.62673611,36.62673611,425,0.98630137,,,,,
248,41,nan,nan,41,41,41,41,,176.6701389,176.6701389,176.6701389,176.6701389,425,0.98630137,,,,,
248.5,27,nan,nan,27,27,27,27,,116.34375,116.34375,116.34375,116.34375,425,0.98630137,,,,,
249,34,32,nan,33,33,33,33,,142.1979167,142.1979167,142.1979167,142.1979167,425,0.98630137,,,,,
249.5,51,nan,nan,51,51,51,51,,219.7604167,219.7604167,219.7604167,219.7604167,425,0.98630137,,,,,
250,35,nan,nan,35,35,35,35,,150.8159722,150.8159722,150.8159722,150.8159722,425,0.98630137,,122.8072917,122.8072917,122.8072917,140.7615741
250.5,36,nan,38,37,37,37,37,,159.4340278,159.4340278,159.4340278,159.4340278,425,0.98630137,,,,,
251,42,nan,nan,42,42,42,42,,180.9791667,180.9791667,180.9791667,180.9791667,425,0.98630137,,,,,
251.5,39,nan,nan,39,39,39,39,,168.0520833,168.0520833,168.0520833,168.0520833,425,0.98630137,,,,,
252,43,36,nan,39.5,39.5,39.5,39.5,,170.2065972,170.2065972,170.2065972,170.2065972,425,0.98630137,,,,,
252.5,44,nan,nan,44,44,44,44,,189.5972222,189.5972222,189.5972222,189.5972222,425,0.98630137,,,,,
253,79,nan,nan,79,79,79,79,,340.4131944,340.4131944,340.4131944,340.4131944,425,0.98630137,,,,,
253.5,32,nan,nan,32,32,32,32,,137.8888889,137.8888889,137.8888889,137.8888889,425,0.98630137,,,,,
254,36,nan,nan,36,36,36,36,,155.125,155.125,155.125,155.125,425,0.98630137,,,,,
254.5,29,nan,nan,29,29,29,29,,124.9618056,124.9618056,124.9618056,124.9618056,425,0.98630137,,,,,
255,37,37,nan,37,37,37,37,,159.4340278,159.4340278,159.4340278,159.4340278,425,0.98630137,,178.6092014,178.6092014,178.6092014,178.6092014
255.5,34,nan,nan,34,34,34,34,,146.5069444,146.5069444,146.5069444,146.5069444,425,0.98630137,,,,,
256,48,nan,46,47,47,47,47,,202.5243056,202.5243056,202.5243056,202.5243056,425,0.98630137,,,,,
256.5,57,nan,58,57.5,57.5,57.5,57.5,,247.7690972,247.7690972,247.7690972,247.7690972,425,0.98630137,,,,,
257,41,nan,40,40.5,40.5,40.5,40.5,,174.515625,174.515625,174.515625,174.515625,425,0.98630137,,,,,
257.5,47,nan,nan,47,47,47,47,,202.5243056,202.5243056,202.5243056,202.5243056,425,0.98630137,,,,,
258,42,51,nan,46.5,46.5,46.5,46.5,,200.3697917,200.3697917,200.3697917,200.3697917,425,0.98630137,,,,,
258.5,47,nan,nan,47,47,47,47,,202.5243056,202.5243056,202.5243056,202.5243056,425,0.98630137,,,,,
259,43,nan,nan,43,43,43,43,,185.2881944,185.2881944,185.2881944,185.2881944,425,0.98630137,,,,,
259.5,42,13,nan,27.5,27.5,27.5,27.5,,118.4982639,118.4982639,118.4982639,118.4982639,425,0.98630137,,,,,
260,46,nan,39,42.5,42.5,42.5,42.5,,183.1336806,183.1336806,183.1336806,183.1336806,425,0.98630137,,186.3654514,186.3654514,186.3654514,186.3654514
260.5,29,nan,32,30.5,30.5,30.5,30.5,,131.4253472,131.4253472,131.4253472,131.4253472,425,0.98630137,,,,,
261,45,45,nan,45,45,45,45,,193.90625,193.90625,193.90625,193.90625,425,0.98630137,,,,,
261.5,63,nan,nan,63,63,63,63,,271.46875,271.46875,271.46875,271.46875,425,0.98630137,,,,,
262,54,nan,nan,54,54,54,54,,232.6875,232.6875,232.6875,232.6875,425,0.98630137,,,,,
262.5,48,nan,nan,48,48,48,48,,206.8333333,206.8333333,206.8333333,206.8333333,425,0.98630137,,,,,
263,43,54,nan,48.5,48.5,48.5,48.5,,208.9878472,208.9878472,208.9878472,208.9878472,425,0.98630137,,,,,
263.5,39,nan,nan,39,39,39,39,,168.0520833,168.0520833,168.0520833,168.0520833,425,0.98630137,,,,,
264,55,nan,nan,55,55,55,55,,236.9965278,236.9965278,236.9965278,236.9965278,425,0.98630137,,,,,
264.5,43,46,nan,44.5,44.5,44.5,44.5,,191.7517361,191.7517361,191.7517361,191.7517361,425,0.98630137,,,,,
265,39,nan,nan,39,39,39,39,,168.0520833,168.0520833,168.0520833,168.0520833,425,0.98630137,,201.0161458,201.0161458,201.0161458,201.0161458
265.5,22,19,nan,20.5,20.5,20.5,20.5,,88.33506944,88.33506944,88.33506944,88.33506944,425,0.98630137,,,,,
266,42,41,nan,41.5,41.5,41.5,41.5,,178.8246528,178.8246528,178.8246528,178.8246528,425,0.98630137,,,,,
266.5,44,nan,nan,44,44,44,44,,189.5972222,189.5972222,189.5972222,189.5972222,425,0.98630137,,,,,
267,33,36,nan,34.5,34.5,34.5,34.5,,148.6614583,148.6614583,148.6614583,148.6614583,425,0.98630137,,,,,
267.5,103,101,nan,102,102,102,102,,439.5208333,439.5208333,439.5208333,439.5208333,425,0.98630137,,,,,
268,101,105,nan,103,103,103,103,,443.8298611,443.8298611,443.8298611,443.8298611,425,0.98630137,,,,,
268.5,79,nan,nan,79,79,79,79,,340.4131944,340.4131944,340.4131944,340.4131944,425,0.98630137,,,,,
269,61,59,nan,60,60,60,60,,258.5416667,258.5416667,258.5416667,258.5416667,425,0.98630137,,,,,
269.5,53,nan,nan,53,53,53,53,,228.3784722,228.3784722,228.3784722,228.3784722,425,0.98630137,,,,,
270,60,73,nan,66.5,66.5,66.5,66.5,,286.5503472,286.5503472,286.5503472,286.5503472,425,0.98630137,,260.2652778,260.2652778,260.2652778,260.2652778
270.5,71,71,nan,71,71,71,71,,305.9409722,305.9409722,305.9409722,305.9409722,425,0.98630137,,,,,
271,51,49,nan,50,50,50,50,,215.4513889,215.4513889,215.4513889,215.4513889,425,0.98630137,,,,,
271.5,37,36,nan,36.5,36.5,36.5,36.5,,157.2795139,157.2795139,157.2795139,157.2795139,425,0.98630137,,,,,
272,40,nan,nan,40,40,40,40,,172.3611111,172.3611111,172.3611111,172.3611111,425,0.98630137,,,,,
272.5,22,nan,nan,22,22,22,22,,94.79861111,94.79861111,94.79861111,94.79861111,425,0.98630137,,,,,
273,67,49,nan,58,58,58,58,,249.9236111,249.9236111,249.9236111,249.9236111,425,0.98630137,,,,,
273.5,67,68,nan,67.5,67.5,67.5,67.5,,290.859375,290.859375,290.859375,290.859375,425,0.98630137,,,,,
274,54,nan,nan,54,54,54,54,,232.6875,232.6875,232.6875,232.6875,425,0.98630137,,,,,
274.5,63,nan,nan,63,63,63,63,,271.46875,271.46875,271.46875,271.46875,425,0.98630137,,,,,
275,64,73,nan,68.5,68.5,68.5,68.5,,295.1684028,295.1684028,295.1684028,295.1684028,425,0.98630137,,228.5939236,228.5939236,228.5939236,228.5939236
275.5,68,nan,nan,68,68,68,68,,313.6972222,313.6972222,313.6972222,313.6972222,455,0.98630137,,,,,
276,55,57,nan,56,56,56,56,,258.3388889,258.3388889,258.3388889,258.3388889,455,0.98630137,,,,,
276.5,42,nan,44,43,43,43,43,,198.3673611,198.3673611,198.3673611,198.3673611,455,0.98630137,,,,,
277,29,nan,nan,29,29,29,29,,133.7826389,133.7826389,133.7826389,133.7826389,455,0.98630137,,,,,
277.5,45,44,nan,44.5,44.5,44.5,44.5,,205.2871528,205.2871528,205.2871528,205.2871528,455,0.98630137,,,,,
278,55,54,nan,54.5,54.5,54.5,54.5,,251.4190972,251.4190972,251.4190972,251.4190972,455,0.98630137,,,,,
278.5,45,nan,nan,45,45,45,45,,207.59375,207.59375,207.59375,207.59375,455,0.98630137,,,,,
279,48,51,nan,49.5,49.5,49.5,49.5,,228.353125,228.353125,228.353125,228.353125,455,0.98630137,,,,,
279.5,53,nan,nan,53,53,53,53,,244.4993056,244.4993056,244.4993056,244.4993056,455,0.98630137,,,,,
280,67,nan,nan,67,67,67,67,,309.0840278,309.0840278,309.0840278,309.0840278,455,0.98630137,,235.0422569,235.0422569,235.0422569,235.0422569
280.5,nan,nan,nan,#DIV/0!,#DIV/0!,#DIV/0!,#DIV/0!,,nan,nan,nan,nan,455,-0.002739726,,,,,
281,81,80,nan,80.5,80.5,80.5,80.5,,371.3621528,371.3621528,371.3621528,371.3621528,455,0.98630137,,,,,
281.5,36,nan,nan,36,36,36,36,,166.075,166.075,166.075,166.075,455,0.98630137,,,,,
282,45,41,nan,43,43,43,43,,198.3673611,198.3673611,198.3673611,198.3673611,455,0.98630137,,,,,
282.5,38,nan,nan,38,38,38,38,,175.3013889,175.3013889,175.3013889,175.3013889,455,0.98630137,,,,,
283,43,nan,42,42.5,42.5,42.5,42.5,,196.0607639,196.0607639,196.0607639,196.0607639,455,0.98630137,,,,,
283.5,40,nan,nan,40,40,40,40,,184.5277778,184.5277778,184.5277778,184.5277778,455,0.98630137,,,,,
284,68,nan,nan,68,68,68,68,,313.6972222,313.6972222,313.6972222,313.6972222,455,0.98630137,,,,,
284.5,nan,nan,nan,#DIV/0!,#DIV/0!,#DIV/0!,#DIV/0!,,nan,nan,nan,nan,455,-0.002739726,,,,,
285,47,46,nan,46.5,46.5,46.5,46.5,,213.9193213,213.9193213,213.9193213,213.9193213,455,0.989041096,,227.4138735,227.4138735,227.4138735,227.4138735
285.5,nan,nan,nan,#DIV/0!,#DIV/0!,#DIV/0!,#DIV/0!,,nan,nan,nan,nan,455,-105.0356164,,,,,
286,29,nan,nan,29,29,29,29,,133.4120499,133.4120499,133.4120499,133.4120499,455,0.989041096,,,,,
286.5,35,nan,nan,35,35,35,35,,161.0145429,161.0145429,161.0145429,161.0145429,455,0.989041096,,,,,
287,nan,nan,nan,#DIV/0!,#DIV/0!,#DIV/0!,#DIV/0!,,nan,nan,nan,nan,455,106.0219178,,,,,
287.5,79,nan,nan,79,79,79,79,,363.4328255,363.4328255,363.4328255,363.4328255,455,0.989041096,,,,,
288,nan,nan,nan,#DIV/0!,#DIV/0!,#DIV/0!,#DIV/0!,,nan,nan,nan,nan,455,-105.0356164,,,,,
288.5,118,nan,nan,118,118,118,118,,542.8490305,542.8490305,542.8490305,542.8490305,455,0.989041096,,,,,
289,23,-7,nan,8,8,8,8,,36.8033241,36.8033241,36.8033241,36.8033241,455,0.989041096,,,,,
289.5,54,16,nan,35,35,35,35,,161.0145429,161.0145429,161.0145429,161.0145429,455,0.989041096,,,,,
290,-15,39,nan,12,12,12,12,,55.20498615,55.20498615,55.20498615,55.20498615,455,0.989041096,,207.6759003,207.6759003,207.6759003,207.6759003
290.5,nan,nan,26,26,26,26,26,,119.6108033,119.6108033,119.6108033,119.6108033,455,0.989041096,,,,,
291,45,66,nan,55.5,55.5,55.5,55.5,,255.3230609,255.3230609,255.3230609,255.3230609,455,0.989041096,,,,,
291.5,62,-17,nan,22.5,22.5,22.5,22.5,,103.509349,103.509349,103.509349,103.509349,455,0.989041096,,,,,
292,50,nan,nan,50,50,50,50,,230.0207756,230.0207756,230.0207756,230.0207756,455,0.989041096,,,,,
292.5,54,33,nan,43.5,43.5,43.5,43.5,,200.1180748,200.1180748,200.1180748,200.1180748,455,0.989041096,,,,,
293,81,nan,nan,81,81,81,81,,372.6336565,372.6336565,372.6336565,372.6336565,455,0.989041096,,,,,
293.5,70,nan,nan,70,70,70,70,,322.0290859,322.0290859,322.0290859,322.0290859,455,0.989041096,,,,,
294,44,38,nan,41,41,41,41,,188.617036,188.617036,188.617036,188.617036,455,0.989041096,,,,,
294.5,17,16,nan,16.5,16.5,16.5,16.5,,75.90685596,75.90685596,75.90685596,75.90685596,455,0.989041096,,,,,
295,49,-25,nan,12,12,12,12,,55.20498615,55.20498615,55.20498615,55.20498615,455,0.989041096,,192.2973684,192.2973684,192.2973684,192.2973684
295.5,93,nan,nan,93,93,93,93,,427.8386427,427.8386427,427.8386427,427.8386427,455,0.989041096,,,,,
296,26,35,nan,30.5,30.5,30.5,30.5,,140.3126731,140.3126731,140.3126731,140.3126731,455,0.989041096,,,,,
296.5,35,nan,nan,35,35,35,35,,161.0145429,161.0145429,161.0145429,161.0145429,455,0.989041096,,,,,
297,47,-4,nan,21.5,21.5,21.5,21.5,,98.90893352,98.90893352,98.90893352,98.90893352,455,0.989041096,,,,,
297.5,44,33,nan,38.5,38.5,38.5,38.5,,177.1159972,177.1159972,177.1159972,177.1159972,455,0.989041096,,,,,
298,26,94,nan,60,60,60,60,,276.0249307,276.0249307,276.0249307,276.0249307,455,0.989041096,,,,,
298.5,51,28,nan,39.5,39.5,39.5,39.5,,181.7164127,181.7164127,181.7164127,181.7164127,455,0.989041096,,,,,
299,-7,1,nan,-3,-3,-3,nan,,-13.80124654,-13.80124654,-13.80124654,nan,455,0.989041096,,,,,
299.5,9,50,nan,29.5,29.5,29.5,29.5,,135.7122576,135.7122576,135.7122576,135.7122576,455,0.989041096,,,,,
300,23,27,nan,25,25,25,25,,115.0103878,115.0103878,115.0103878,115.0103878,455,0.989041096,,169.9853532,169.9853532,169.9853532,190.4060865
300.5,50,99,nan,74.5,74.5,74.5,74.5,,342.7309557,342.7309557,342.7309557,342.7309557,455,0.989041096,,,,,
301,57,18,nan,37.5,37.5,37.5,37.5,,172.5155817,172.5155817,172.5155817,172.5155817,455,0.989041096,,,,,
301.5,31,66,nan,48.5,48.5,48.5,48.5,,223.1201524,223.1201524,223.1201524,223.1201524,455,0.989041096,,,,,
302,46,nan,nan,46,46,46,46,,211.6191136,211.6191136,211.6191136,211.6191136,455,0.989041096,,,,,
302.5,-32,19,nan,-6.5,-6.5,-6.5,nan,,-29.90270083,-29.90270083,-29.90270083,nan,455,0.989041096,,,,,
303,31,nan,nan,31,31,31,31,,142.6128809,142.6128809,142.6128809,142.6128809,455,0.989041096,,,,,
303.5,6,nan,-21,-7.5,-7.5,-7.5,nan,,-34.50311634,-34.50311634,-34.50311634,nan,455,0.989041096,,,,,
304,75,117,nan,96,96,96,96,,441.6398892,441.6398892,441.6398892,441.6398892,455,0.989041096,,,,,
304.5,15,nan,-10,2.5,2.5,2.5,2.5,,11.50103878,11.50103878,11.50103878,11.50103878,455,0.989041096,,,,,
305,48,18,nan,33,33,33,33,,152.2354167,152.2354167,152.2354167,152.2354167,455,0.98630137,,163.3569212,163.3569212,163.3569212,212.2468786
305.5,50,89,nan,69.5,69.5,69.5,69.5,,320.6170139,320.6170139,320.6170139,320.6170139,455,0.98630137,,,,,
306,38,-7,nan,15.5,15.5,15.5,15.5,,71.50451389,71.50451389,71.50451389,71.50451389,455,0.98630137,,,,,
306.5,17,nan,-11,3,3,3,3,,13.83958333,13.83958333,13.83958333,13.83958333,455,0.98630137,,,,,
307,nan,nan,nan,#DIV/0!,#DIV/0!,#DIV/0!,#DIV/0!,,nan,nan,nan,nan,455,106.0191781,,,,,
307.5,22,-57,nan,-17.5,-17.5,nan,nan,,-80.73090278,-80.73090278,nan,nan,455,0.98630137,,,,,
308,-6,nan,nan,-6,-6,-6,nan,,-27.67916667,-27.67916667,-27.67916667,nan,455,0.98630137,,,,,
308.5,39,21,nan,30,30,30,30,,138.3958333,138.3958333,138.3958333,138.3958333,455,0.98630137,,,,,
309,36,24,nan,30,30,30,30,,138.3958333,138.3958333,138.3958333,138.3958333,455,0.98630137,,,,,
309.5,38,nan,nan,38,38,38,38,,175.3013889,175.3013889,175.3013889,175.3013889,455,0.98630137,,,,,
310,46,25,nan,35.5,35.5,35.5,35.5,,163.7684028,163.7684028,163.7684028,163.7684028,455,0.98630137,,101.4902778,101.4902778,124.2679253,145.9746528
310.5,57,nan,nan,57,57,57,57,,262.9520833,262.9520833,262.9520833,262.9520833,455,0.98630137,,,,,
311,48,nan,nan,48,48,48,48,,221.4333333,221.4333333,221.4333333,221.4333333,455,0.98630137,,,,,
311.5,41,nan,nan,41,41,41,41,,189.1409722,189.1409722,189.1409722,189.1409722,455,0.98630137,,,,,
312,86,91,nan,88.5,88.5,88.5,88.5,,408.2677083,408.2677083,408.2677083,408.2677083,455,0.98630137,,,,,
312.5,76,47,nan,61.5,61.5,61.5,61.5,,283.7114583,283.7114583,283.7114583,283.7114583,455,0.98630137,,,,,
313,13,nan,nan,13,13,13,13,,59.97152778,59.97152778,59.97152778,59.97152778,455,0.98630137,,,,,
313.5,36,nan,nan,36,36,36,36,,166.075,166.075,166.075,166.075,455,0.98630137,,,,,
314,nan,nan,nan,#DIV/0!,#DIV/0!,#DIV/0!,#DIV/0!,,nan,nan,nan,nan,455,106.0191781,,,,,
314.5,24,nan,nan,24,24,24,24,,110.7166667,110.7166667,110.7166667,110.7166667,455,0.98630137,,,,,
315,36,nan,nan,36,36,36,36,,166.075,166.075,166.075,166.075,455,0.98630137,,207.59375,207.59375,207.59375,207.59375
315.5,28,nan,nan,28,28,28,28,,129.1694444,129.1694444,129.1694444,129.1694444,455,0.98630137,,,,,
316,43,37,nan,40,40,40,40,,184.5277778,184.5277778,184.5277778,184.5277778,455,0.98630137,,,,,
316.5,52,nan,nan,52,52,52,52,,239.8861111,239.8861111,239.8861111,239.8861111,455,0.98630137,,,,,
317,27,nan,nan,27,27,27,27,,124.55625,124.55625,124.55625,124.55625,455,0.98630137,,,,,
317.5,21,-2,nan,9.5,9.5,9.5,9.5,,43.82534722,43.82534722,43.82534722,43.82534722,455,0.98630137,,,,,
318,1,-64,nan,-31.5,nan,nan,nan,,-145.315625,nan,nan,nan,455,0.98630137,,,,,
318.5,34,-23,nan,5.5,5.5,5.5,5.5,,25.37256944,25.37256944,25.37256944,25.37256944,455,0.98630137,,,,,
319,11,nan,nan,11,11,11,11,,50.74513889,50.74513889,50.74513889,50.74513889,455,0.98630137,,,,,
319.5,9,82,nan,45.5,45.5,45.5,45.5,,209.9003472,209.9003472,209.9003472,209.9003472,455,0.98630137,,,,,
320,38,nan,nan,38,38,38,38,,175.3013889,175.3013889,175.3013889,175.3013889,455,0.98630137,,103.796875,131.4760417,131.4760417,131.4760417
320.5,-4,-17,nan,-10.5,-10.5,nan,nan,,-46.84166667,-46.84166667,nan,nan,440,0.98630137,,,,,
321,45,nan,nan,45,45,45,45,,200.75,200.75,200.75,200.75,440,0.98630137,,,,,
321.5,47,-2,nan,22.5,22.5,22.5,22.5,,100.375,100.375,100.375,100.375,440,0.98630137,,,,,
322,40,61,nan,50.5,50.5,50.5,50.5,,225.2861111,225.2861111,225.2861111,225.2861111,440,0.98630137,,,,,
322.5,nan,44,nan,44,44,44,44,,196.2888889,196.2888889,196.2888889,196.2888889,440,0.98630137,,,,,
323,29,nan,nan,29,29,29,29,,129.3722222,129.3722222,129.3722222,129.3722222,440,0.98630137,,,,,
323.5,3,31,nan,17,17,17,17,,75.83888889,75.83888889,75.83888889,75.83888889,440,0.98630137,,,,,
324,45,-41,nan,2,2,2,2,,8.922222222,8.922222222,8.922222222,8.922222222,440,0.98630137,,,,,
324.5,-3,nan,nan,-3,-3,-3,nan,,-13.38333333,-13.38333333,-13.38333333,nan,440,0.98630137,,,,,
325,-10,nan,nan,-10,-10,-10,nan,,-44.61111111,-44.61111111,-44.61111111,nan,440,0.98630137,,83.19972222,83.19972222,97.64876543,133.8333333
325.5,39,nan,nan,39,39,39,39,,173.9833333,173.9833333,173.9833333,173.9833333,440,0.98630137,,,,,
326,45,nan,nan,45,45,45,45,,200.75,200.75,200.75,200.75,440,0.98630137,,,,,
326.5,38,nan,nan,38,38,38,38,,169.5222222,169.5222222,169.5222222,169.5222222,440,0.98630137,,,,,
327,24,nan,nan,24,24,24,24,,107.0666667,107.0666667,107.0666667,107.0666667,440,0.98630137,,,,,
327.5,58,nan,nan,58,58,58,58,,258.7444444,258.7444444,258.7444444,258.7444444,440,0.98630137,,,,,
328,73,nan,nan,73,73,73,73,,325.6611111,325.6611111,325.6611111,325.6611111,440,0.98630137,,,,,
328.5,72,nan,nan,72,72,72,72,,321.2,321.2,321.2,321.2,440,0.98630137,,,,,
329,43,nan,nan,43,43,43,43,,191.8277778,191.8277778,191.8277778,191.8277778,440,0.98630137,,,,,
329.5,37,nan,nan,37,37,37,37,,165.0611111,165.0611111,165.0611111,165.0611111,440,0.98630137,,,,,
330,60,nan,nan,60,60,60,60,,267.6666667,267.6666667,267.6666667,267.6666667,440,0.98630137,,218.1483333,218.1483333,218.1483333,218.1483333
330.5,51,nan,nan,51,51,51,51,,227.5166667,227.5166667,227.5166667,227.5166667,440,0.98630137,,,,,
331,61,-8,nan,26.5,26.5,26.5,26.5,,118.2194444,118.2194444,118.2194444,118.2194444,440,0.98630137,,,,,
331.5,13,nan,nan,13,13,13,13,,57.99444444,57.99444444,57.99444444,57.99444444,440,0.98630137,,,,,
332,42,nan,nan,42,42,42,42,,187.3666667,187.3666667,187.3666667,187.3666667,440,0.98630137,,,,,
332.5,57,nan,nan,57,57,57,57,,254.2833333,254.2833333,254.2833333,254.2833333,440,0.98630137,,,,,
333,36,75,nan,55.5,55.5,55.5,55.5,,247.5916667,247.5916667,247.5916667,247.5916667,440,0.98630137,,,,,
333.5,66,50,nan,58,58,58,58,,258.7444444,258.7444444,258.7444444,258.7444444,440,0.98630137,,,,,
334,1,nan,nan,1,1,1,1,,4.461111111,4.461111111,4.461111111,4.461111111,440,0.98630137,,,,,
334.5,20,nan,nan,20,20,20,20,,89.22222222,89.22222222,89.22222222,89.22222222,440,0.98630137,,,,,
335,32,nan,nan,32,32,32,32,,142.7555556,142.7555556,142.7555556,142.7555556,440,0.98630137,,158.8155556,158.8155556,158.8155556,158.8155556
335.5,16,nan,nan,16,16,16,16,,71.37777778,71.37777778,71.37777778,71.37777778,440,0.98630137,,,,,
336,51,nan,nan,51,51,51,51,,227.5166667,227.5166667,227.5166667,227.5166667,440,0.98630137,,,,,
336.5,27,nan,nan,27,27,27,27,,120.45,120.45,120.45,120.45,440,0.98630137,,,,,
337,54,nan,nan,54,54,54,54,,240.9,240.9,240.9,240.9,440,0.98630137,,,,,
337.5,57,82,nan,69.5,69.5,69.5,69.5,,310.0472222,310.0472222,310.0472222,310.0472222,440,0.98630137,,,,,
338,31,38,nan,34.5,34.5,34.5,34.5,,153.9083333,153.9083333,153.9083333,153.9083333,440,0.98630137,,,,,
338.5,34,27,nan,30.5,30.5,30.5,30.5,,136.0638889,136.0638889,136.0638889,136.0638889,440,0.98630137,,,,,
339,7,-14,nan,-3.5,-3.5,-3.5,nan,,-15.61388889,-15.61388889,-15.61388889,nan,440,0.98630137,,,,,
339.5,25,77,nan,51,51,51,51,,227.5166667,227.5166667,227.5166667,227.5166667,440,0.98630137,,,,,
340,13,65,nan,39,39,39,39,,173.9833333,173.9833333,173.9833333,173.9833333,440,0.98630137,,164.615,164.615,164.615,184.6404321
340.5,41,-14,nan,13.5,13.5,13.5,13.5,,60.225,60.225,60.225,60.225,440,0.98630137,,,,,
341,51,50,nan,50.5,50.5,50.5,50.5,,225.2861111,225.2861111,225.2861111,225.2861111,440,0.98630137,,,,,
341.5,15,1,nan,8,8,8,8,,35.68888889,35.68888889,35.68888889,35.68888889,440,0.98630137,,,,,
342,nan,nan,62,62,62,62,62,,276.5888889,276.5888889,276.5888889,276.5888889,440,0.98630137,,,,,
342.5,44,-6,nan,19,19,19,19,,84.76111111,84.76111111,84.76111111,84.76111111,440,0.98630137,,,,,
343,-10,nan,nan,-10,-10,-10,nan,,-44.61111111,-44.61111111,-44.61111111,nan,440,0.98630137,,,,,
343.5,51,45,nan,48,48,48,48,,214.1333333,214.1333333,214.1333333,214.1333333,440,0.98630137,,,,,
344,18,-9,nan,4.5,4.5,4.5,4.5,,20.075,20.075,20.075,20.075,440,0.98630137,,,,,
344.5,99,27,nan,63,63,63,63,,281.05,281.05,281.05,281.05,440,0.98630137,,,,,
345,22,31,nan,26.5,26.5,26.5,26.5,,118.2194444,118.2194444,118.2194444,118.2194444,440,0.98630137,,127.1416667,127.1416667,127.1416667,146.2253086
345.5,31,84,nan,57.5,57.5,57.5,57.5,,256.5138889,256.5138889,256.5138889,256.5138889,440,0.98630137,,,,,
346,54,nan,nan,54,54,54,54,,240.9,240.9,240.9,240.9,440,0.98630137,,,,,
346.5,50,nan,nan,50,50,50,50,,223.0555556,223.0555556,223.0555556,223.0555556,440,0.98630137,,,,,
347,11,nan,nan,11,11,11,11,,49.07222222,49.07222222,49.07222222,49.07222222,440,0.98630137,,,,,
347.5,40,28,nan,34,34,34,34,,151.6777778,151.6777778,151.6777778,151.6777778,440,0.98630137,,,,,
348,83,nan,nan,83,83,83,83,,370.2722222,370.2722222,370.2722222,370.2722222,440,0.98630137,,,,,
348.5,47,22,nan,34.5,34.5,34.5,34.5,,153.9083333,153.9083333,153.9083333,153.9083333,440,0.98630137,,,,,
349,17,nan,nan,17,17,17,17,,75.83888889,75.83888889,75.83888889,75.83888889,440,0.98630137,,,,,
349.5,-2,21,nan,9.5,9.5,9.5,9.5,,42.38055556,42.38055556,42.38055556,42.38055556,440,0.98630137,,,,,
350,77,nan,nan,77,77,77,77,,343.5055556,343.5055556,343.5055556,343.5055556,440,0.98630137,,190.7125,190.7125,190.7125,190.7125
350.5,13,2,nan,7.5,7.5,7.5,7.5,,33.45833333,33.45833333,33.45833333,33.45833333,440,0.98630137,,,,,
351,34,nan,nan,34,34,34,34,,151.6777778,151.6777778,151.6777778,151.6777778,440,0.98630137,,,,,
351.5,10,-1,nan,4.5,4.5,4.5,4.5,,20.075,20.075,20.075,20.075,440,0.98630137,,,,,
352,92,nan,nan,92,92,92,92,,410.4222222,410.4222222,410.4222222,410.4222222,440,0.98630137,,,,,
352.5,50,75,nan,62.5,62.5,62.5,62.5,,278.8194444,278.8194444,278.8194444,278.8194444,440,0.98630137,,,,,
353,24,nan,nan,24,24,24,24,,107.0666667,107.0666667,107.0666667,107.0666667,440,0.98630137,,,,,
353.5,5,nan,nan,5,5,5,5,,22.30555556,22.30555556,22.30555556,22.30555556,440,0.98630137,,,,,
354,84,nan,nan,84,84,84,84,,374.7333333,374.7333333,374.7333333,374.7333333,440,0.98630137,,,,,
354.5,-2,67,nan,32.5,32.5,32.5,32.5,,144.9861111,144.9861111,144.9861111,144.9861111,440,0.98630137,,,,,
355,27,-36,nan,-4.5,-4.5,-4.5,nan,,-20.075,-20.075,-20.075,nan,440,0.98630137,,152.3469444,152.3469444,152.3469444,171.5049383
355.5,-52,24,nan,-14,-14,nan,nan,,-62.45555556,-62.45555556,nan,nan,440,0.98630137,,,,,
356,-1,-56,nan,-28.5,nan,nan,nan,,-127.1416667,nan,nan,nan,440,0.98630137,,,,,
356.5,31,7,nan,19,19,19,19,,84.76111111,84.76111111,84.76111111,84.76111111,440,0.98630137,,,,,
357,81,126,nan,103.5,103.5,103.5,103.5,,461.725,461.725,461.725,461.725,440,0.98630137,,,,,
357.5,55,nan,nan,55,55,55,55,,245.3611111,245.3611111,245.3611111,245.3611111,440,0.98630137,,,,,
358,42,18,nan,30,30,30,30,,133.8333333,133.8333333,133.8333333,133.8333333,440,0.98630137,,,,,
358.5,45,43,nan,44,44,44,44,,196.2888889,196.2888889,196.2888889,196.2888889,440,0.98630137,,,,,
359,32,12,nan,22,22,22,22,,98.14444444,98.14444444,98.14444444,98.14444444,440,0.98630137,,,,,
359.5,62,43,nan,52.5,52.5,52.5,52.5,,234.2083333,234.2083333,234.2083333,234.2083333,440,0.98630137,,,,,
360,-22,61,nan,19.5,19.5,19.5,19.5,,86.99166667,86.99166667,86.99166667,86.99166667,440,0.98630137,,135.1716667,164.3175926,192.6642361,192.6642361
360.5,-5,89,nan,42,42,42,42,,187.3666667,187.3666667,187.3666667,187.3666667,440,0.98630137,,,,,
361,30,5,nan,17.5,17.5,17.5,17.5,,78.06944444,78.06944444,78.06944444,78.06944444,440,0.98630137,,,,,
361.5,43,11,nan,27,27,27,27,,120.45,120.45,120.45,120.45,440,0.98630137,,,,,
362,-6,3,nan,-1.5,-1.5,-1.5,nan,,-6.691666667,-6.691666667,-6.691666667,nan,440,0.98630137,,,,,
362.5,42,42,nan,42,42,42,42,,187.3666667,187.3666667,187.3666667,187.3666667,440,0.98630137,,,,,
363,17,36,nan,26.5,26.5,26.5,26.5,,118.2194444,118.2194444,118.2194444,118.2194444,440,0.98630137,,,,,
363.5,-3,9,nan,3,3,3,3,,13.38333333,13.38333333,13.38333333,13.38333333,440,0.98630137,,,,,
364,56,13,nan,34.5,34.5,34.5,34.5,,153.9083333,153.9083333,153.9083333,153.9083333,440,0.98630137,,,,,
364.5,84,51,nan,67.5,67.5,67.5,67.5,,301.125,301.125,301.125,301.125,440,0.98630137,,,,,
365,61,-1,nan,30,30,30,30,,133.8333333,133.8333333,133.8333333,133.8333333,440,0.98630137,,128.7030556,128.7030556,128.7030556,143.7469136
365.5,-5,nan,17,6,6,6,6,,26.76666667,26.76666667,26.76666667,26.76666667,440,0.98630137,,,,,
366,30,-39,nan,-4.5,-4.5,-4.5,nan,,-20.075,-20.075,-20.075,nan,440,0.98630137,,,,,
366.5,nan,83,nan,83,83,83,83,,370.2722222,370.2722222,370.2722222,370.2722222,440,0.98630137,,,,,
367,41,nan,nan,41,41,41,41,,182.9055556,182.9055556,182.9055556,182.9055556,440,0.98630137,,,,,
367.5,58,67,nan,62.5,62.5,62.5,62.5,,278.8194444,278.8194444,278.8194444,278.8194444,440,0.98630137,,,,,
368,-5,31,nan,13,13,13,13,,56.01736111,56.01736111,56.01736111,56.01736111,425,0.98630137,,,,,
368.5,nan,14,nan,14,14,14,14,,60.32638889,60.32638889,60.32638889,60.32638889,425,0.98630137,,,,,
369,73,49,nan,61,61,61,61,,262.8506944,262.8506944,262.8506944,262.8506944,425,0.98630137,,,,,
369.5,54,nan,nan,54,54,54,54,,232.6875,232.6875,232.6875,232.6875,425,0.98630137,,,,,
370,22,-2,nan,10,10,10,10,,43.09027778,43.09027778,43.09027778,43.09027778,425,0.98630137,,149.3661111,149.3661111,149.3661111,168.1929012
370.5,25,18,nan,21.5,21.5,21.5,21.5,,92.64409722,92.64409722,92.64409722,92.64409722,425,0.98630137,,,,,
371,64,33,nan,48.5,48.5,48.5,48.5,,208.9878472,208.9878472,208.9878472,208.9878472,425,0.98630137,,,,,
371.5,50,-14,nan,18,18,18,18,,77.5625,77.5625,77.5625,77.5625,425,0.98630137,,,,,
372,nan,-42,nan,-42,nan,nan,nan,,-180.9791667,nan,nan,nan,425,0.98630137,,,,,
372.5,31,52,nan,41.5,41.5,41.5,41.5,,178.8246528,178.8246528,178.8246528,178.8246528,425,0.98630137,,,,,
373,42,50,nan,46,46,46,46,,198.2152778,198.2152778,198.2152778,198.2152778,425,0.98630137,,,,,
373.5,-24,4,nan,-10,-10,-10,nan,,-43.09027778,-43.09027778,-43.09027778,nan,425,0.98630137,,,,,
374,82,nan,nan,82,82,82,82,,353.3402778,353.3402778,353.3402778,353.3402778,425,0.98630137,,,,,
374.5,nan,nan,nan,#DIV/0!,#DIV/0!,#DIV/0!,#DIV/0!,,nan,nan,nan,nan,425,-105.0356164,,,,,
375,49,nan,nan,49,49,49,49,,210.5574792,210.5574792,210.5574792,210.5574792,425,0.989041096,,121.7847431,159.6302318,159.6302318,188.5903046
375.5,61,22,nan,41.5,41.5,41.5,41.5,,178.3292936,178.3292936,178.3292936,178.3292936,425,0.989041096,,,,,
376,32,nan,nan,32,32,32,32,,137.5069252,137.5069252,137.5069252,137.5069252,425,0.989041096,,,,,
376.5,1,25,nan,13,13,13,13,,55.86218837,55.86218837,55.86218837,55.86218837,425,0.989041096,,,,,
377,51,35,nan,43,43,43,43,,184.7749307,184.7749307,184.7749307,184.7749307,425,0.989041096,,,,,
377.5,46,-44,nan,1,1,1,1,,4.297091413,4.297091413,4.297091413,4.297091413,425,0.989041096,,,,,
378,51,3,nan,27,27,27,27,,116.0214681,116.0214681,116.0214681,116.0214681,425,0.989041096,,,,,
378.5,-3,58,nan,27.5,27.5,27.5,27.5,,118.1700139,118.1700139,118.1700139,118.1700139,425,0.989041096,,,,,
379,34,54,nan,44,44,44,44,,189.0720222,189.0720222,189.0720222,189.0720222,425,0.989041096,,,,,
379.5,22,29,nan,25.5,25.5,25.5,25.5,,109.575831,109.575831,109.575831,109.575831,425,0.989041096,,,,,
380,9,12,nan,10.5,10.5,10.5,10.5,,45.11945983,45.11945983,45.11945983,45.11945983,425,0.989041096,,113.8729224,113.8729224,113.8729224,113.8729224
380.5,58,61,nan,59.5,59.5,59.5,59.5,,255.6769391,255.6769391,255.6769391,255.6769391,425,0.989041096,,,,,
381,31,34,nan,32.5,32.5,32.5,32.5,,139.6554709,139.6554709,139.6554709,139.6554709,425,0.989041096,,,,,
381.5,42,38,nan,40,40,40,40,,171.8836565,171.8836565,171.8836565,171.8836565,425,0.989041096,,,,,
382,35,20,nan,27.5,27.5,27.5,27.5,,118.1700139,118.1700139,118.1700139,118.1700139,425,0.989041096,,,,,
382.5,50,91,nan,70.5,70.5,70.5,70.5,,302.9449446,302.9449446,302.9449446,302.9449446,425,0.989041096,,,,,
383,31,1,nan,16,16,16,16,,68.7534626,68.7534626,68.7534626,68.7534626,425,0.989041096,,,,,
383.5,47,-36,nan,5.5,5.5,5.5,5.5,,23.63400277,23.63400277,23.63400277,23.63400277,425,0.989041096,,,,,
384,34,54,nan,44,44,44,44,,189.0720222,189.0720222,189.0720222,189.0720222,425,0.989041096,,,,,
384.5,46,34,nan,40,40,40,40,,171.8836565,171.8836565,171.8836565,171.8836565,425,0.989041096,,,,,
385,49,39,nan,44,44,44,44,,189.0720222,189.0720222,189.0720222,189.0720222,425,0.989041096,,163.0746191,163.0746191,163.0746191,163.0746191
385.5,7,91,nan,49,49,49,49,,210.5574792,210.5574792,210.5574792,210.5574792,425,0.989041096,,,,,
386,27,37,nan,32,32,32,32,,137.5069252,137.5069252,137.5069252,137.5069252,425,0.989041096,,,,,
386.5,28,2,nan,15,15,15,15,,64.45637119,64.45637119,64.45637119,64.45637119,425,0.989041096,,,,,
387,13,1,nan,7,7,7,7,,30.07963989,30.07963989,30.07963989,30.07963989,425,0.989041096,,,,,
387.5,7,13,nan,10,10,10,10,,42.97091413,42.97091413,42.97091413,42.97091413,425,0.989041096,,,,,
388,38,32,nan,35,35,35,35,,150.3981994,150.3981994,150.3981994,150.3981994,425,0.989041096,,,,,
388.5,72,61,nan,66.5,66.5,66.5,66.5,,285.7565789,285.7565789,285.7565789,285.7565789,425,0.989041096,,,,,
389,56,43,nan,49.5,49.5,49.5,49.5,,212.7060249,212.7060249,212.7060249,212.7060249,425,0.989041096,,,,,
389.5,53,20,nan,36.5,36.5,36.5,36.5,,156.8438366,156.8438366,156.8438366,156.8438366,425,0.989041096,,,,,
390,30,38,nan,34,34,34,34,,146.101108,146.101108,146.101108,146.101108,425,0.989041096,,143.7377078,143.7377078,143.7377078,143.7377078
390.5,24,16,nan,20,20,20,20,,85.94182825,85.94182825,85.94182825,85.94182825,425,0.989041096,,,,,
391,35,5,nan,20,20,20,20,,85.94182825,85.94182825,85.94182825,85.94182825,425,0.989041096,,,,,
391.5,40,nan,nan,40,40,40,40,,171.8836565,171.8836565,171.8836565,171.8836565,425,0.989041096,,,,,
392,1,nan,nan,1,1,1,1,,4.297091413,4.297091413,4.297091413,4.297091413,425,0.989041096,,,,,
392.5,18,nan,nan,18,18,18,18,,77.34764543,77.34764543,77.34764543,77.34764543,425,0.989041096,,,,,
393,9,nan,nan,9,9,9,9,,38.67382271,38.67382271,38.67382271,38.67382271,425,0.989041096,,,,,
393.5,nan,nan,64,64,64,64,64,,275.0138504,275.0138504,275.0138504,275.0138504,425,0.989041096,,,,,
394,nan,nan,69,69,69,69,69,,296.4993075,296.4993075,296.4993075,296.4993075,425,0.989041096,,,,,
394.5,nan,nan,60,60,60,60,60,,257.8254848,257.8254848,257.8254848,257.8254848,425,0.989041096,,,,,
395,43,nan,nan,43,43,43,43,,184.7749307,184.7749307,184.7749307,184.7749307,425,0.989041096,,147.8199446,147.8199446,147.8199446,147.8199446
395.5,nan,nan,25,25,25,25,25,,107.4272853,107.4272853,107.4272853,107.4272853,425,0.989041096,,,,,
396,70,nan,nan,70,70,70,70,,300.7963989,300.7963989,300.7963989,300.7963989,425,0.989041096,,,,,
396.5,50,nan,nan,50,50,50,50,,214.8545706,214.8545706,214.8545706,214.8545706,425,0.989041096,,,,,
397,76,nan,nan,76,76,76,76,,326.5789474,326.5789474,326.5789474,326.5789474,425,0.989041096,,,,,
397.5,71,nan,nan,71,71,71,71,,305.0934903,305.0934903,305.0934903,305.0934903,425,0.989041096,,,,,
398,47,nan,nan,47,47,47,47,,201.9632964,201.9632964,201.9632964,201.9632964,425,0.989041096,,,,,
398.5,65,nan,nan,65,65,65,65,,279.3109418,279.3109418,279.3109418,279.3109418,425,0.989041096,,,,,
399,nan,nan,64,64,64,64,64,,275.0138504,275.0138504,275.0138504,275.0138504,425,0.989041096,,,,,
399.5,38,43,nan,40.5,40.5,40.5,40.5,,174.0322022,174.0322022,174.0322022,174.0322022,425,0.989041096,,,,,
400,48,nan,nan,48,48,48,48,,206.2603878,206.2603878,206.2603878,206.2603878,425,0.989041096,,239.1331371,239.1331371,239.1331371,239.1331371
400.5,nan,nan,68,68,68,68,68,,292.2022161,292.2022161,292.2022161,292.2022161,425,0.989041096,,,,,
401,72,37,nan,54.5,54.5,54.5,54.5,,234.191482,234.191482,234.191482,234.191482,425,0.989041096,,,,,
401.5,44,nan,nan,44,44,44,44,,189.0720222,189.0720222,189.0720222,189.0720222,425,0.989041096,,,,,
402,24,nan,nan,24,24,24,24,,103.1301939,103.1301939,103.1301939,103.1301939,425,0.989041096,,,,,
402.5,48,nan,nan,48,48,48,48,,206.2603878,206.2603878,206.2603878,206.2603878,425,0.989041096,,,,,
403,39,nan,nan,39,39,39,39,,167.5865651,167.5865651,167.5865651,167.5865651,425,0.989041096,,,,,
403.5,69,nan,nan,69,69,69,69,,296.4993075,296.4993075,296.4993075,296.4993075,425,0.989041096,,,,,
404,59,nan,nan,59,59,59,59,,240.2198163,240.2198163,240.2198163,240.2198163,425,1.043835616,,,,,
404.5,27,nan,nan,27,27,27,27,,109.9311024,109.9311024,109.9311024,109.9311024,425,1.043835616,,,,,
405,57,nan,nan,57,57,57,57,,232.0767717,232.0767717,232.0767717,232.0767717,425,1.043835616,,207.1169865,207.1169865,207.1169865,207.1169865
405.5,87,nan,nan,87,87,87,87,,354.2224409,354.2224409,354.2224409,354.2224409,425,1.043835616,,,,,
406,48,nan,nan,48,48,48,48,,195.4330709,195.4330709,195.4330709,195.4330709,425,1.043835616,,,,,
406.5,84,nan,nan,84,84,84,84,,342.007874,342.007874,342.007874,342.007874,425,1.043835616,,,,,
407,nan,nan,89,89,89,89,89,,362.3654856,362.3654856,362.3654856,362.3654856,425,1.043835616,,,,,
407.5,52,nan,nan,52,52,52,52,,211.7191601,211.7191601,211.7191601,211.7191601,425,1.043835616,,,,,
408,62,nan,nan,62,62,62,62,,252.4343832,252.4343832,252.4343832,252.4343832,425,1.043835616,,,,,
408.5,60,nan,nan,60,60,60,60,,244.2913386,244.2913386,244.2913386,244.2913386,425,1.043835616,,,,,
409,67,nan,nan,67,67,67,67,,272.7919948,272.7919948,272.7919948,272.7919948,425,1.043835616,,,,,
409.5,83,nan,nan,83,83,83,83,,337.9363517,337.9363517,337.9363517,337.9363517,425,1.043835616,,,,,
410,nan,135,nan,135,135,135,135,,549.6555118,549.6555118,549.6555118,549.6555118,425,1.043835616,,312.2857612,312.2857612,312.2857612,312.2857612
410.5,57,nan,nan,57,57,57,57,,232.0767717,232.0767717,232.0767717,232.0767717,425,1.043835616,,,,,
411,70,nan,nan,70,70,70,70,,285.0065617,285.0065617,285.0065617,285.0065617,425,1.043835616,,,,,
411.5,58,nan,nan,58,58,58,58,,236.148294,236.148294,236.148294,236.148294,425,1.043835616,,,,,
412,60,nan,nan,60,60,60,60,,244.2913386,244.2913386,244.2913386,244.2913386,425,1.043835616,,,,,
412.5,98,nan,nan,98,98,98,98,,399.0091864,399.0091864,399.0091864,399.0091864,425,1.043835616,,,,,
413,52,nan,nan,52,52,52,52,,211.7191601,211.7191601,211.7191601,211.7191601,425,1.043835616,,,,,
413.5,47,nan,nan,47,47,47,47,,191.3615486,191.3615486,191.3615486,191.3615486,425,1.043835616,,,,,
414,64,nan,nan,64,64,64,64,,260.5774278,260.5774278,260.5774278,260.5774278,425,1.043835616,,,,,
414.5,40,nan,nan,40,40,40,40,,162.8608924,162.8608924,162.8608924,162.8608924,425,1.043835616,,,,,
415,69,nan,nan,69,69,69,69,,280.9350394,280.9350394,280.9350394,280.9350394,425,1.043835616,,250.398622,250.398622,250.398622,250.398622
415.5,nan,83,nan,83,83,83,83,,337.9363517,337.9363517,337.9363517,337.9363517,425,1.043835616,,,,,
416,43,nan,nan,43,43,43,43,,175.0754593,175.0754593,175.0754593,175.0754593,425,1.043835616,,,,,
416.5,80,nan,nan,80,80,80,80,,325.7217848,325.7217848,325.7217848,325.7217848,425,1.043835616,,,,,
417,74,nan,nan,74,74,74,74,,301.2926509,301.2926509,301.2926509,301.2926509,425,1.043835616,,,,,
417.5,51,nan,nan,51,51,51,51,,207.6476378,207.6476378,207.6476378,207.6476378,425,1.043835616,,,,,
418,64,nan,nan,64,64,64,64,,260.5774278,260.5774278,260.5774278,260.5774278,425,1.043835616,,,,,
418.5,78,nan,nan,78,78,78,78,,317.5787402,317.5787402,317.5787402,317.5787402,425,1.043835616,,,,,
419,66,nan,nan,66,66,66,66,,268.7204724,268.7204724,268.7204724,268.7204724,425,1.043835616,,,,,
419.5,51,nan,nan,51,51,51,51,,207.6476378,207.6476378,207.6476378,207.6476378,425,1.043835616,,,,,
420,64,nan,nan,64,64,64,64,,260.5774278,260.5774278,260.5774278,260.5774278,425,1.043835616,,266.2775591,266.2775591,266.2775591,266.2775591
420.5,80,nan,nan,80,80,80,80,,325.7217848,325.7217848,325.7217848,325.7217848,425,1.043835616,,,,,
421,76,nan,nan,76,76,76,76,,309.4356955,309.4356955,309.4356955,309.4356955,425,1.043835616,,,,,
421.5,74,nan,nan,74,74,74,74,,301.2926509,301.2926509,301.2926509,301.2926509,425,1.043835616,,,,,
422,94,nan,nan,94,94,94,94,,382.7230971,382.7230971,382.7230971,382.7230971,425,1.043835616,,,,,
422.5,67,nan,nan,67,67,67,67,,272.7919948,272.7919948,272.7919948,272.7919948,425,1.043835616,,,,,
423,56,nan,nan,56,56,56,56,,228.0052493,228.0052493,228.0052493,228.0052493,425,1.043835616,,,,,
423.5,91,nan,nan,91,91,91,91,,370.5085302,370.5085302,370.5085302,370.5085302,425,1.043835616,,,,,
424,80,nan,nan,80,80,80,80,,325.7217848,325.7217848,325.7217848,325.7217848,425,1.043835616,,,,,
424.5,64,nan,nan,64,64,64,64,,260.5774278,260.5774278,260.5774278,260.5774278,425,1.043835616,,,,,
425,73,nan,nan,73,73,73,73,,297.2211286,297.2211286,297.2211286,297.2211286,425,1.043835616,,307.3999344,307.3999344,307.3999344,307.3999344
425.5,89,nan,nan,89,89,89,89,,362.3654856,362.3654856,362.3654856,362.3654856,425,1.043835616,,,,,
426,82,nan,nan,82,,,,,nan,nan,nan,nan,,1.043835616,,,,,
426.5,79,nan,nan,79,,,,,nan,nan,nan,nan,,1.043835616,,,,,
427,84,nan,nan,84,,,,,nan,nan,nan,nan,,1.043835616,,,,,
427.5,56,nan,nan,56,,,,,nan,nan,nan,nan,,1.043835616,,,,,
428,nan,nan,nan,#DIV/0!,,,,,nan,nan,nan,nan,,106.0767123,,,,,
428.5,nan,nan,nan,#DIV/0!,,,,,nan,nan,nan,nan,,106.0767123,,,,,
429,nan,nan,nan,#DIV/0!,,,,,nan,nan,nan,nan,,106.0767123,,,,,
429.5,nan,nan,nan,#DIV/0!,,,,,nan,nan,nan,nan,,106.0767123,,,,,
430,nan,nan,nan,#DIV/0!,,,,,nan,nan,nan,nan,,nan,,,,,
430.5,nan,nan,nan,#DIV/0!,,,,,nan,nan,nan,nan,,nan,,,,,
431,nan,nan,nan,#DIV/0!,,,,,nan,nan,nan,nan,,nan,,,,,
431.5,nan,nan,nan,#DIV/0!,,,,,nan,nan,nan,nan,,nan,,,,,
432,nan,nan,nan,#DIV/0!,,,,,nan,nan,nan,nan,,nan,,,,,
432.5,nan,nan,nan,#DIV/0!,,,,,nan,nan,nan,nan,,nan,,,,,
433,nan,nan,nan,#DIV/0!,,,,,nan,nan,nan,nan,,nan,,,,,
433.5,nan,nan,nan,#DIV/0!,,,,,nan,nan,nan,nan,,nan,,,,,
434,nan,nan,nan,#DIV/0!,,,,,nan,nan,nan,nan,,nan,,,,,
434.5,nan,nan,nan,#DIV/0!,,,,,nan,nan,nan,nan,,nan,,,,,
435,nan,nan,nan,#DIV/0!,,,,,nan,nan,nan,nan,,nan,,,,,
435.5,nan,nan,nan,#DIV/0!,,,,,nan,nan,nan,nan,,nan,,,,,
436,nan,nan,nan,#DIV/0!,,,,,nan,nan,nan,nan,,nan,,,,,
436.5,nan,nan,nan,#DIV/0!,,,,,nan,nan,nan,nan,,nan,,,,,
437,nan,nan,nan,#DIV/0!,,,,,nan,nan,nan,nan,,nan,,,,,
437.5,nan,nan,nan,#DIV/0!,,,,,nan,nan,nan,nan,,nan,,,,,
438,nan,nan,nan,#DIV/0!,,,,,nan,nan,nan,nan,,nan,,,,,
438.5,nan,nan,nan,#DIV/0!,,,,,nan,nan,nan,nan,,nan,,,,,
439,nan,nan,nan,#DIV/0!,,,,,nan,nan,nan,nan,,nan,,,,,
439.5,nan,nan,nan,#DIV/0!,,,,,nan,nan,nan,nan,,nan,,,,,
440,nan,nan,nan,#DIV/0!,,,,,nan,nan,nan,nan,,nan,,,,,
440.5,nan,nan,nan,#DIV/0!,,,,,nan,nan,nan,nan,,nan,,,,,
441,nan,nan,nan,#DIV/0!,,,,,nan,nan,nan,nan,,nan,,,,,
441.5,nan,nan,nan,#DIV/0!,,,,,nan,nan,nan,nan,,nan,,,,,
442,nan,nan,nan,#DIV/0!,,,,,nan,nan,nan,nan,,nan,,,,,
442.5,nan,nan,nan,#DIV/0!,,,,,nan,nan,nan,nan,,nan,,,,,
443,nan,nan,nan,#DIV/0!,,,,,nan,nan,nan,nan,,nan,,,,,
443.5,nan,nan,nan,#DIV/0!,,,,,nan,nan,nan,nan,,nan,,,,,
444,nan,nan,nan,#DIV/0!,,,,,nan,nan,nan,nan,,nan,,,,,
444.5,nan,nan,nan,#DIV/0!,,,,,nan,nan,nan,nan,,nan,,,,,
445,nan,nan,nan,#DIV/0!,,,,,nan,nan,nan,nan,,nan,,,,,
445.5,nan,nan,nan,#DIV/0!,,,,,nan,nan,nan,nan,,nan,,,,,
446,nan,nan,nan,#DIV/0!,,,,,nan,nan,nan,nan,,nan,,,,,
446.5,nan,nan,nan,#DIV/0!,,,,,nan,nan,nan,nan,,nan,,,,,
447,nan,nan,nan,#DIV/0!,,,,,nan,nan,nan,nan,,nan,,,,,
447.5,nan,nan,nan,#DIV/0!,,,,,nan,nan,nan,nan,,nan,,,,,
448,nan,nan,nan,#DIV/0!,,,,,nan,nan,nan,nan,,nan,,,,,
448.5,nan,nan,nan,#DIV/0!,,,,,nan,nan,nan,nan,,nan,,,,,
449,nan,nan,nan,#DIV/0!,,,,,nan,nan,nan,nan,,nan,,,,,
449.5,nan,nan,nan,#DIV/0!,,,,,nan,nan,nan,nan,,nan,,,,,
450,nan,nan,nan,#DIV/0!,,,,,nan,nan,nan,nan,,nan,,,,,
,nan,nan,nan,#DIV/0!,,,,,,,,,,nan,,,,,
